from,to,type,evidence_tag,note
BC-PRQ-01001,BC-SKL-01024,supporting,inferred,Prerequisite for Evaluate an indeterminate limit by factoring and dividing out a common factor.
BC-PRQ-01001,BC-SKL-01028,supporting,inferred,Prerequisite for Recognise an indeterminate form as a signal that rewriting is needed.
BC-PRQ-01001,BC-SKL-01029,supporting,inferred,Prerequisite for Classify a limit expression by its form under substitution.
BC-PRQ-01001,BC-SKL-01030,supporting,inferred,Prerequisite for Select an appropriate procedure for a given limit expression.
BC-PRQ-01001,BC-SKL-01039,supporting,inferred,Prerequisite for Classify a removable discontinuity.
BC-PRQ-01001,BC-SKL-01050,supporting,inferred,Prerequisite for Redefine a function value to remove a removable discontinuity.
BC-PRQ-01001,BC-SKL-01056,supporting,inferred,Prerequisite for Identify vertical asymptotes from an expression after simplification.
BC-PRQ-01001,BC-SKL-01057,supporting,inferred,Prerequisite for Distinguish a vertical asymptote from a removable discontinuity at the same input.
BC-PRQ-01002,BC-SKL-01025,supporting,inferred,Prerequisite for Evaluate an indeterminate limit by multiplying by a conjugate.
BC-PRQ-01003,BC-SKL-01011,supporting,inferred,Prerequisite for Determine that a limit fails to exist because the one sided limits differ.
BC-PRQ-01003,BC-SKL-01023,supporting,inferred,Prerequisite for Determine a two sided limit by matching one sided limits of a piecewise rule.
BC-PRQ-01003,BC-SKL-01038,supporting,inferred,Prerequisite for Sketch a graph consistent with stated limit and value conditions.
BC-PRQ-01003,BC-SKL-01040,supporting,inferred,Prerequisite for Classify a jump discontinuity.
BC-PRQ-01003,BC-SKL-01042,supporting,inferred,Prerequisite for Identify the discontinuities of a piecewise defined function from its rule.
BC-PRQ-01003,BC-SKL-01044,supporting,inferred,Prerequisite for Test continuity at a point by checking the three conditions.
BC-PRQ-01003,BC-SKL-01048,supporting,inferred,Prerequisite for Determine continuity of a piecewise function on an interval.
BC-PRQ-01003,BC-SKL-01051,supporting,inferred,Prerequisite for Solve for a parameter making a piecewise function continuous at a boundary.
BC-PRQ-01003,BC-SKL-01052,supporting,inferred,Prerequisite for Solve for two parameters using continuity conditions at two boundaries.
BC-PRQ-01003,BC-SKL-01053,supporting,inferred,Prerequisite for Decide whether a discontinuity can be removed.
BC-PRQ-01004,BC-SKL-01058,supporting,inferred,Prerequisite for Evaluate the limit of a rational function at infinity by comparing degrees.
BC-PRQ-01004,BC-SKL-01059,supporting,inferred,Prerequisite for Identify horizontal asymptotes from limits at infinity.
BC-PRQ-01004,BC-SKL-01061,supporting,inferred,Prerequisite for Evaluate limits at infinity for expressions containing radicals.
BC-PRQ-01004,BC-SKL-01062,supporting,inferred,Prerequisite for Compare relative magnitudes of growth using limits.
BC-PRQ-01004,BC-SKL-01063,supporting,inferred,Prerequisite for Distinguish the limit at positive infinity from the limit at negative infinity.
BC-PRQ-01005,BC-SKL-01013,supporting,inferred,Prerequisite for Determine that a limit fails to exist because the function oscillates.
BC-PRQ-01005,BC-SKL-01027,supporting,inferred,Prerequisite for Evaluate an indeterminate limit by rewriting with trigonometric identities.
BC-PRQ-01005,BC-SKL-01033,supporting,inferred,Prerequisite for Verify the bounding inequality on an interval around the point.
BC-PRQ-01005,BC-SKL-01035,supporting,inferred,Prerequisite for Apply the squeeze theorem to a bounded oscillating factor.
BC-PRQ-01005,BC-SKL-02032,supporting,inferred,Prerequisite for Differentiate sine and cosine.
BC-PRQ-01006,BC-SKL-01011,supporting,inferred,Prerequisite for Determine that a limit fails to exist because the one sided limits differ.
BC-PRQ-01006,BC-SKL-01040,supporting,inferred,Prerequisite for Classify a jump discontinuity.
BC-PRQ-01007,BC-SKL-01026,supporting,inferred,Prerequisite for Evaluate an indeterminate limit by simplifying a complex fraction.
BC-PRQ-01008,BC-SKL-01021,supporting,inferred,Prerequisite for Evaluate a limit by direct substitution where the function is continuous.
BC-PRQ-01008,BC-SKL-01031,supporting,inferred,Prerequisite for Recognise when substitution already settles the limit.
BC-PRQ-01008,BC-SKL-01042,supporting,inferred,Prerequisite for Identify the discontinuities of a piecewise defined function from its rule.
BC-PRQ-01008,BC-SKL-01046,supporting,inferred,Prerequisite for Determine intervals of continuity from the domain of an expression.
BC-PRQ-01008,BC-SKL-01047,supporting,inferred,Prerequisite for Name the function families continuous on their domains.
BC-PRQ-01008,BC-SKL-01065,supporting,inferred,Prerequisite for Verify the continuity hypothesis before applying the theorem.
BC-PRQ-01009,BC-SKL-01012,supporting,inferred,Prerequisite for Determine that a limit fails to exist because the function is unbounded.
BC-PRQ-01009,BC-SKL-01041,supporting,inferred,Prerequisite for Classify a discontinuity due to a vertical asymptote.
BC-PRQ-01009,BC-SKL-01054,supporting,inferred,Prerequisite for Write an infinite limit using correct notation.
BC-PRQ-01009,BC-SKL-01055,supporting,inferred,Prerequisite for Determine one sided infinite limits by sign analysis near a zero of the denominator.
BC-PRQ-01010,BC-SKL-01032,supporting,inferred,Prerequisite for State the hypotheses of the squeeze theorem.
BC-PRQ-01010,BC-SKL-01034,supporting,inferred,Prerequisite for Conclude a limit value from matching bounds.
BC-PRQ-01010,BC-SKL-01049,supporting,inferred,Prerequisite for Distinguish continuity on an open interval from continuity on a closed interval.
BC-PRQ-01010,BC-SKL-01064,supporting,inferred,Prerequisite for State the hypotheses of the Intermediate Value Theorem.
BC-PRQ-01010,BC-SKL-01066,supporting,inferred,Prerequisite for Verify that the target value lies between the endpoint values.
BC-PRQ-01010,BC-SKL-01067,supporting,inferred,Prerequisite for State the conclusion of the theorem with the correct interval.
BC-PRQ-01010,BC-SKL-01068,supporting,inferred,Prerequisite for Apply the Intermediate Value Theorem to a function given by a table.
BC-PRQ-02001,BC-SKL-02001,supporting,inferred,Prerequisite for Compute an average rate of change from the increment difference quotient.
BC-PRQ-02001,BC-SKL-02009,supporting,inferred,Prerequisite for Evaluate a derivative from the limit definition.
BC-PRQ-02001,BC-SKL-02022,supporting,inferred,Prerequisite for Identify a corner from unequal one sided limits of the difference quotient.
BC-PRQ-02002,BC-SKL-02043,supporting,inferred,"Prerequisite for Rewrite tangent, cotangent, secant, and cosecant using sine and cosine."
BC-PRQ-02002,BC-SKL-02046,supporting,inferred,Prerequisite for Select the identity that makes a trigonometric expression differentiable by rule.
BC-PRQ-02003,BC-SKL-02012,supporting,inferred,Prerequisite for Interpret the derivative at a point as the slope of the tangent line.
BC-PRQ-02003,BC-SKL-02013,supporting,inferred,Prerequisite for Write the equation of the line tangent to a curve at a given point.
BC-PRQ-02004,BC-SKL-02010,supporting,inferred,Prerequisite for Convert among the notations for a derivative.
BC-PRQ-02004,BC-SKL-02018,supporting,inferred,Prerequisite for Estimate a derivative at a point using technology.
BC-PRQ-02004,BC-SKL-02028,supporting,inferred,Prerequisite for Differentiate a constant function.
BC-PRQ-02004,BC-SKL-02029,supporting,inferred,Prerequisite for Apply the constant multiple rule.
BC-PRQ-02005,BC-SKL-02001,supporting,inferred,Prerequisite for Compute an average rate of change from the increment difference quotient.
BC-PRQ-02005,BC-SKL-02006,supporting,inferred,Prerequisite for Write the derivative at a point using the increment form of the limit.
BC-PRQ-02005,BC-SKL-02007,supporting,inferred,Prerequisite for Write the derivative at a point using the two point form of the limit.
BC-PRQ-02005,BC-SKL-02008,supporting,inferred,Prerequisite for Write the derivative function using the limit definition.
BC-PRQ-02005,BC-SKL-02035,supporting,inferred,Prerequisite for Evaluate a limit by recognising it as the derivative of a known function.
BC-PRQ-03001,BC-SKL-03001,supporting,inferred,Prerequisite for Decompose a composite function into outer and inner functions.
BC-PRQ-03001,BC-SKL-03002,supporting,inferred,Prerequisite for Differentiate a two layer composite function with the chain rule.
BC-PRQ-03001,BC-SKL-03003,supporting,inferred,Prerequisite for Differentiate a composite with three or more layers.
BC-PRQ-03001,BC-SKL-03004,supporting,inferred,Prerequisite for Evaluate the derivative of a composite at a point from a table of values.
BC-PRQ-03001,BC-SKL-03005,supporting,inferred,Prerequisite for Evaluate the derivative of a composite at a point from graphs.
BC-PRQ-03001,BC-SKL-03006,supporting,inferred,Prerequisite for Combine the chain rule with the product or quotient rule.
BC-PRQ-03001,BC-SKL-03026,supporting,inferred,Prerequisite for Classify an expression by its outermost operation.
BC-PRQ-03001,BC-SKL-03027,supporting,inferred,Prerequisite for Select the differentiation rule that the classification indicates.
BC-PRQ-03001,BC-SKL-03028,supporting,inferred,Prerequisite for Order several differentiation rules within one problem.
BC-PRQ-03002,BC-SKL-03010,supporting,inferred,Prerequisite for Solve the differentiated equation for dy/dx.
BC-PRQ-03002,BC-SKL-03014,supporting,inferred,Prerequisite for Verify a supplied expression for dy/dx by implicit differentiation.
BC-PRQ-03002,BC-SKL-03033,supporting,inferred,Prerequisite for Differentiate a derivative expression that still contains y.
BC-PRQ-03003,BC-SKL-03015,supporting,inferred,Prerequisite for State the inverse function derivative rule with its hypotheses.
BC-PRQ-03003,BC-SKL-03016,supporting,inferred,Prerequisite for Locate the matching input on the original function.
BC-PRQ-03003,BC-SKL-03017,supporting,inferred,Prerequisite for Compute the derivative of an inverse at a point from a formula.
BC-PRQ-03003,BC-SKL-03018,supporting,inferred,Prerequisite for Compute the derivative of an inverse at a point from a table.
BC-PRQ-03003,BC-SKL-03019,supporting,inferred,Prerequisite for Compute the derivative of an inverse at a point from a graph.
BC-PRQ-03003,BC-SKL-03020,supporting,inferred,Prerequisite for Derive the inverse derivative rule from the chain rule.
BC-PRQ-03004,BC-SKL-03021,supporting,inferred,"Prerequisite for State the derivatives of the inverse sine, cosine, and tangent functions."
BC-PRQ-03004,BC-SKL-03022,supporting,inferred,Prerequisite for Differentiate an inverse trigonometric function of an inner expression.
BC-PRQ-03004,BC-SKL-03023,supporting,inferred,Prerequisite for Derive an inverse trigonometric derivative by implicit differentiation.
BC-PRQ-03004,BC-SKL-03024,supporting,inferred,Prerequisite for Evaluate an inverse trigonometric derivative at a point.
BC-PRQ-03004,BC-SKL-03025,supporting,inferred,Prerequisite for Combine an inverse trigonometric derivative with the product or quotient rule.
BC-PRQ-03005,BC-SKL-03004,supporting,inferred,Prerequisite for Evaluate the derivative of a composite at a point from a table of values.
BC-PRQ-03005,BC-SKL-03005,supporting,inferred,Prerequisite for Evaluate the derivative of a composite at a point from graphs.
BC-PRQ-03005,BC-SKL-03007,supporting,inferred,Prerequisite for Differentiate a term in y with respect to x producing a dy/dx factor.
BC-PRQ-03005,BC-SKL-03008,supporting,inferred,Prerequisite for Apply the product rule to a term containing both x and y.
BC-PRQ-03005,BC-SKL-03009,supporting,inferred,Prerequisite for Differentiate both sides of an implicit equation term by term.
BC-PRQ-03005,BC-SKL-03030,supporting,inferred,Prerequisite for Differentiate a first derivative to obtain the second derivative.
BC-PRQ-03005,BC-SKL-03031,supporting,inferred,Prerequisite for Produce a third or higher order derivative by repeating differentiation.
BC-PRQ-03005,BC-SKL-03032,supporting,inferred,Prerequisite for Read and write higher-order derivative notation.
BC-PRQ-03005,BC-SKL-03033,supporting,inferred,Prerequisite for Differentiate a derivative expression that still contains y.
BC-PRQ-03006,BC-SKL-03006,supporting,inferred,Prerequisite for Combine the chain rule with the product or quotient rule.
BC-PRQ-03006,BC-SKL-03011,supporting,inferred,Prerequisite for Evaluate dy/dx at a stated point on the curve.
BC-PRQ-03006,BC-SKL-03014,supporting,inferred,Prerequisite for Verify a supplied expression for dy/dx by implicit differentiation.
BC-PRQ-03006,BC-SKL-03017,supporting,inferred,Prerequisite for Compute the derivative of an inverse at a point from a formula.
BC-PRQ-03006,BC-SKL-03024,supporting,inferred,Prerequisite for Evaluate an inverse trigonometric derivative at a point.
BC-PRQ-03006,BC-SKL-03025,supporting,inferred,Prerequisite for Combine an inverse trigonometric derivative with the product or quotient rule.
BC-PRQ-03006,BC-SKL-03029,supporting,inferred,Prerequisite for Rewrite an expression algebraically before differentiating.
BC-PRQ-03006,BC-SKL-03034,supporting,inferred,Prerequisite for Evaluate a second derivative at a point using dy/dx there.
BC-PRQ-03007,BC-SKL-03012,supporting,inferred,Prerequisite for Locate a point where the tangent to an implicit curve is horizontal.
BC-PRQ-03007,BC-SKL-03013,supporting,inferred,Prerequisite for Locate a point where the tangent to an implicit curve is vertical.
BC-PRQ-04001,BC-SKL-04018,supporting,inferred,Prerequisite for Write an equation relating the varying quantities.
BC-PRQ-04002,BC-SKL-04018,supporting,inferred,Prerequisite for Write an equation relating the varying quantities.
BC-PRQ-04003,BC-SKL-04021,supporting,inferred,Prerequisite for Reduce the number of variables before differentiating.
BC-PRQ-04004,BC-SKL-04001,supporting,inferred,Prerequisite for State the units of a derivative in context.
BC-PRQ-04004,BC-SKL-04002,supporting,inferred,Prerequisite for Write a sentence interpreting a derivative value in context.
BC-PRQ-04004,BC-SKL-04004,supporting,inferred,Prerequisite for Approximate a derivative from an average rate of change with units.
BC-PRQ-04004,BC-SKL-04014,supporting,inferred,Prerequisite for Compute and report a rate of change with context-appropriate units.
BC-PRQ-04004,BC-SKL-04025,supporting,inferred,Prerequisite for Report a related rate with units and interpret its sign.
BC-PRQ-04005,BC-SKL-04008,supporting,inferred,Prerequisite for Compute the speed of a particle from its velocity.
BC-PRQ-04005,BC-SKL-04010,supporting,inferred,Prerequisite for Determine whether speed is increasing from the signs of velocity and acceleration.
BC-PRQ-04006,BC-SKL-04028,supporting,inferred,Prerequisite for Write the equation of the tangent line at a point.
BC-PRQ-04006,BC-SKL-04029,supporting,inferred,Prerequisite for Approximate a function value with the tangent line.
BC-PRQ-04006,BC-SKL-04032,supporting,inferred,Prerequisite for Use a supplied derivative expression to obtain the slope at the point of tangency.
BC-PRQ-04007,BC-SKL-04024,supporting,inferred,Prerequisite for Solve the differentiated equation for the unknown rate.
BC-PRQ-04007,BC-SKL-04026,supporting,inferred,Prerequisite for Compute a missing instantaneous value from the relating equation.
BC-PRQ-04008,BC-SKL-04002,supporting,inferred,Prerequisite for Write a sentence interpreting a derivative value in context.
BC-PRQ-04008,BC-SKL-04003,supporting,inferred,Prerequisite for Distinguish the value of a function from the value of its derivative in context.
BC-PRQ-04008,BC-SKL-04005,supporting,inferred,Prerequisite for Interpret the sign and size of a derivative in context.
BC-PRQ-04008,BC-SKL-04006,supporting,inferred,Prerequisite for Differentiate a position function to obtain velocity.
BC-PRQ-04008,BC-SKL-04007,supporting,inferred,Prerequisite for Differentiate a velocity function to obtain acceleration.
BC-PRQ-04008,BC-SKL-04013,supporting,inferred,Prerequisite for Identify the quantity and its independent variable in a non-motion context.
BC-PRQ-04008,BC-SKL-04015,supporting,inferred,Prerequisite for Use context vocabulary rather than motion vocabulary.
BC-PRQ-04008,BC-SKL-04016,supporting,inferred,Prerequisite for Interpret an end behaviour limit of a rate in context.
BC-PRQ-04008,BC-SKL-04017,supporting,inferred,Prerequisite for Identify the variables and which rates are given and wanted.
BC-PRQ-04008,BC-SKL-04019,supporting,inferred,Prerequisite for Differentiate a relation with respect to time using the chain rule.
BC-PRQ-04008,BC-SKL-04020,supporting,inferred,Prerequisite for Apply the product rule inside a related rates differentiation.
BC-PRQ-04008,BC-SKL-04022,supporting,inferred,Prerequisite for Differentiate an implicitly defined curve with respect to time.
BC-PRQ-04008,BC-SKL-04023,supporting,inferred,Prerequisite for Substitute instantaneous values only after differentiating.
BC-PRQ-04008,BC-SKL-04027,supporting,inferred,Prerequisite for Distinguish quantities constant in time from quantities varying in time.
BC-PRQ-04008,BC-SKL-04030,supporting,inferred,Prerequisite for Decide whether a tangent line approximation over or under estimates.
BC-PRQ-04008,BC-SKL-04031,supporting,inferred,Prerequisite for Justify the estimate direction with the sign of the second derivative.
BC-PRQ-04008,BC-SKL-04033,supporting,inferred,Prerequisite for Verify that a limit has an indeterminate form.
BC-PRQ-04008,BC-SKL-04034,supporting,inferred,Prerequisite for State L'Hospital's rule with its hypotheses.
BC-PRQ-04008,BC-SKL-04035,supporting,inferred,Prerequisite for Apply the rule by differentiating numerator and denominator separately.
BC-PRQ-04008,BC-SKL-04036,supporting,inferred,Prerequisite for Evaluate the limit that the rule produces.
BC-PRQ-04008,BC-SKL-04037,supporting,inferred,Prerequisite for Apply the rule again when the form is still indeterminate.
BC-PRQ-04008,BC-SKL-04038,supporting,inferred,Prerequisite for Use differentiability to evaluate a limit of a given function.
BC-PRQ-04009,BC-SKL-04009,supporting,inferred,Prerequisite for Determine the direction of motion from the sign of velocity.
BC-PRQ-04009,BC-SKL-04011,supporting,inferred,Prerequisite for Find when a particle is at rest or changes direction.
BC-PRQ-04009,BC-SKL-04012,supporting,inferred,Prerequisite for Communicate a sign analysis of velocity across a whole interval.
BC-PRQ-05001,BC-SKL-05005,supporting,inferred,Prerequisite for Solve for a value of c that the theorem provides.
BC-PRQ-05001,BC-SKL-05010,supporting,inferred,Prerequisite for Determine critical points where the first derivative equals zero.
BC-PRQ-05001,BC-SKL-05011,supporting,inferred,Prerequisite for Determine critical points where the first derivative fails to exist.
BC-PRQ-05001,BC-SKL-05014,supporting,inferred,Prerequisite for Determine where the first derivative is positive or negative from a formula.
BC-PRQ-05001,BC-SKL-05030,supporting,inferred,Prerequisite for Determine intervals of concavity from the sign of the second derivative.
BC-PRQ-05001,BC-SKL-05032,supporting,inferred,Prerequisite for Locate candidate points of inflection where the second derivative is zero or undefined.
BC-PRQ-05001,BC-SKL-05058,supporting,inferred,Prerequisite for Determine where the derivative of an implicit relation equals zero.
BC-PRQ-05001,BC-SKL-05059,supporting,inferred,Prerequisite for Determine where the derivative of an implicit relation fails to exist.
BC-PRQ-05001,BC-SKL-07040,supporting,inferred,Prerequisite for Identify the carrying capacity from the form of the equation.
BC-PRQ-05002,BC-SKL-05014,supporting,inferred,Prerequisite for Determine where the first derivative is positive or negative from a formula.
BC-PRQ-05002,BC-SKL-05030,supporting,inferred,Prerequisite for Determine intervals of concavity from the sign of the second derivative.
BC-PRQ-05003,BC-SKL-05010,supporting,inferred,Prerequisite for Determine critical points where the first derivative equals zero.
BC-PRQ-05003,BC-SKL-05011,supporting,inferred,Prerequisite for Determine critical points where the first derivative fails to exist.
BC-PRQ-05003,BC-SKL-05016,supporting,inferred,Prerequisite for Build a sign chart on critical points and domain boundaries.
BC-PRQ-05003,BC-SKL-05018,supporting,inferred,Prerequisite for Restrict a monotonicity conclusion to the domain of the function.
BC-PRQ-05003,BC-SKL-05032,supporting,inferred,Prerequisite for Locate candidate points of inflection where the second derivative is zero or undefined.
BC-PRQ-05003,BC-SKL-05051,supporting,inferred,Prerequisite for Determine the domain of the objective from the context.
BC-PRQ-05003,BC-SKL-07031,supporting,inferred,Prerequisite for State the domain restriction the initial condition selects.
BC-PRQ-05004,BC-SKL-05001,supporting,inferred,Prerequisite for State the hypotheses of the Mean Value Theorem for a function and an interval.
BC-PRQ-05004,BC-SKL-05007,supporting,inferred,Prerequisite for State the hypothesis of the Extreme Value Theorem.
BC-PRQ-05004,BC-SKL-05024,supporting,inferred,Prerequisite for Assemble the candidate list from critical points and both endpoints.
BC-PRQ-05005,BC-SKL-05049,supporting,inferred,Prerequisite for Name the quantity to be optimised and assign the variables.
BC-PRQ-05005,BC-SKL-05050,supporting,inferred,Prerequisite for Use the constraint to write the objective as a function of one variable.
BC-PRQ-05006,BC-SKL-05012,supporting,inferred,Prerequisite for Distinguish a relative extremum from an absolute extremum.
BC-PRQ-05006,BC-SKL-05015,supporting,inferred,Prerequisite for Read intervals of increase and decrease from the graph of the derivative.
BC-PRQ-05006,BC-SKL-05031,supporting,inferred,Prerequisite for Determine concavity from whether the derivative graph rises or falls.
BC-PRQ-05006,BC-SKL-05040,supporting,inferred,Prerequisite for Sketch the graph of the derivative from the graph of a function.
BC-PRQ-05007,BC-SKL-05058,supporting,inferred,Prerequisite for Determine where the derivative of an implicit relation equals zero.
BC-PRQ-05007,BC-SKL-05059,supporting,inferred,Prerequisite for Determine where the derivative of an implicit relation fails to exist.
BC-PRQ-05007,BC-SKL-05060,supporting,inferred,Prerequisite for Solve the defining relation and the derived condition together.
BC-PRQ-05007,BC-SKL-05061,supporting,inferred,Prerequisite for Compute a second derivative of an implicit relation.
BC-PRQ-05008,BC-SKL-05003,supporting,inferred,Prerequisite for Compute the average rate of change over a closed interval.
BC-PRQ-06001,BC-SKL-06047,supporting,inferred,Prerequisite for Select a substitution by identifying an inner function whose derivative appears.
BC-PRQ-06001,BC-SKL-06048,supporting,inferred,Prerequisite for Convert the differential and adjust the constant when substituting.
BC-PRQ-06001,BC-SKL-06055,supporting,inferred,Prerequisite for Rewrite an integrand by splitting or expanding before antidifferentiating.
BC-PRQ-06001,BC-SKL-06071,supporting,inferred,Prerequisite for Classify an integrand to select an antidifferentiation technique.
BC-PRQ-06002,BC-SKL-02025,supporting,inferred,Prerequisite for Differentiate a power function with an integer exponent.
BC-PRQ-06002,BC-SKL-02026,supporting,inferred,Prerequisite for Differentiate a power function after rewriting a radical or a reciprocal as a power.
BC-PRQ-06002,BC-SKL-02033,supporting,inferred,Prerequisite for Differentiate the natural exponential function.
BC-PRQ-06002,BC-SKL-06034,supporting,inferred,Prerequisite for Evaluate a definite integral by antidifferentiation and endpoint substitution.
BC-PRQ-06002,BC-SKL-06040,supporting,inferred,Prerequisite for Antidifferentiate power functions including negative and fractional exponents.
BC-PRQ-06002,BC-SKL-06055,supporting,inferred,Prerequisite for Rewrite an integrand by splitting or expanding before antidifferentiating.
BC-PRQ-06002,BC-SKL-08022,supporting,inferred,Prerequisite for Evaluate an area integral and report the area.
BC-PRQ-06002,BC-SKL-08035,supporting,inferred,Prerequisite for Evaluate a cross section volume integral.
BC-PRQ-06002,BC-SKL-08039,supporting,inferred,Prerequisite for Set up and evaluate the volume integral for a named cross section.
BC-PRQ-06002,BC-SKL-08043,supporting,inferred,Prerequisite for Evaluate a disc volume and report it with the factor of pi.
BC-PRQ-06002,BC-SKL-08051,supporting,inferred,Prerequisite for Subtract the squares of the radii rather than squaring their difference.
BC-PRQ-06002,BC-SKL-10016,supporting,inferred,Prerequisite for Evaluate the improper integral using limit notation.
BC-PRQ-06002,BC-SKL-10018,supporting,inferred,Prerequisite for Classify a series as harmonic
BC-PRQ-06002,BC-SKL-10019,supporting,inferred,Prerequisite for Apply the p-series criterion.
BC-PRQ-06002,BC-SKL-10022,supporting,inferred,Prerequisite for Choose a comparison series for a given series.
BC-PRQ-06002,BC-SKL-10041,supporting,inferred,Prerequisite for Evaluate the bounding term at the given input.
BC-PRQ-06002,BC-SKL-10050,supporting,inferred,Prerequisite for Write the Lagrange error bound in the correct form.
BC-PRQ-06002,BC-SKL-10057,supporting,inferred,Prerequisite for Substitute each endpoint to produce the two numerical series.
BC-PRQ-06002,BC-SKL-10064,supporting,inferred,Prerequisite for Construct a Maclaurin series by substitution into a known series.
BC-PRQ-06002,BC-SKL-10065,supporting,inferred,Prerequisite for Construct a series by multiplying a known series by an expression.
BC-PRQ-06002,BC-SKL-10066,supporting,inferred,Prerequisite for Evaluate a Taylor series at a point to obtain a numerical series.
BC-PRQ-06002,BC-SKL-10068,supporting,inferred,Prerequisite for Differentiate a power series term by term.
BC-PRQ-06002,BC-SKL-10069,supporting,inferred,Prerequisite for Integrate a power series term by term and determine the constant.
BC-PRQ-06003,BC-SKL-02034,supporting,inferred,Prerequisite for Differentiate the natural logarithm.
BC-PRQ-06003,BC-SKL-06041,supporting,inferred,Prerequisite for Antidifferentiate exponential and reciprocal integrands.
BC-PRQ-06003,BC-SKL-06052,supporting,inferred,Prerequisite for Apply substitution to an integrand that antidifferentiates to a logarithm.
BC-PRQ-06003,BC-SKL-06064,supporting,inferred,Prerequisite for Antidifferentiate a linear partial fraction decomposition.
BC-PRQ-06003,BC-SKL-06065,supporting,inferred,Prerequisite for Evaluate a definite integral of a rational function by partial fractions.
BC-PRQ-06003,BC-SKL-07025,supporting,inferred,Prerequisite for Antidifferentiate both sides of the separated equation.
BC-PRQ-06003,BC-SKL-07036,supporting,inferred,Prerequisite for Determine the constant of proportionality from a second data pair.
BC-PRQ-06003,BC-SKL-10016,supporting,inferred,Prerequisite for Evaluate the improper integral using limit notation.
BC-PRQ-06004,BC-SKL-06042,supporting,inferred,Prerequisite for Antidifferentiate basic trigonometric integrands.
BC-PRQ-06004,BC-SKL-06043,supporting,inferred,Prerequisite for Antidifferentiate integrands whose antiderivatives are inverse trigonometric.
BC-PRQ-06005,BC-SKL-01001,supporting,inferred,Prerequisite for Compute an average rate of change over an interval.
BC-PRQ-06005,BC-SKL-01002,supporting,inferred,Prerequisite for Explain why an average rate of change is undefined at a single point.
BC-PRQ-06005,BC-SKL-01003,supporting,inferred,Prerequisite for Describe an instantaneous rate as a limit of average rates.
BC-PRQ-06005,BC-SKL-01004,supporting,inferred,Prerequisite for Estimate an instantaneous rate from average rates over shrinking intervals.
BC-PRQ-06005,BC-SKL-01005,supporting,inferred,Prerequisite for Write a limit statement in correct analytic notation.
BC-PRQ-06005,BC-SKL-01006,supporting,inferred,Prerequisite for Interpret a limit statement given in analytic notation.
BC-PRQ-06005,BC-SKL-01007,supporting,inferred,Prerequisite for Write one sided limit notation.
BC-PRQ-06005,BC-SKL-01008,supporting,inferred,Prerequisite for Distinguish the limit at a point from the function value at that point.
BC-PRQ-06005,BC-SKL-01009,supporting,inferred,Prerequisite for Estimate a two sided limit from a graph.
BC-PRQ-06005,BC-SKL-01010,supporting,inferred,Prerequisite for Estimate one sided limits from a graph.
BC-PRQ-06005,BC-SKL-01014,supporting,inferred,Prerequisite for Explain how the scale of a graph can hide function behaviour.
BC-PRQ-06005,BC-SKL-01015,supporting,inferred,Prerequisite for Estimate a two sided limit from a table of values.
BC-PRQ-06005,BC-SKL-01016,supporting,inferred,Prerequisite for Estimate a one sided limit from a table of values.
BC-PRQ-06005,BC-SKL-01017,supporting,inferred,Prerequisite for Judge whether a table supports a limit value or is inconclusive.
BC-PRQ-06005,BC-SKL-01018,supporting,inferred,Prerequisite for Apply the sum and difference limit theorems.
BC-PRQ-06005,BC-SKL-01019,supporting,inferred,Prerequisite for Apply the product and constant multiple limit theorems.
BC-PRQ-06005,BC-SKL-01020,supporting,inferred,Prerequisite for Apply the quotient limit theorem and check the denominator condition.
BC-PRQ-06005,BC-SKL-01022,supporting,inferred,Prerequisite for Apply the limit theorem for composite functions.
BC-PRQ-06005,BC-SKL-01036,supporting,inferred,"Prerequisite for Match a graph, a table, and an analytic expression of the same limit."
BC-PRQ-06005,BC-SKL-01037,supporting,inferred,Prerequisite for Translate a limit statement into a verbal description of behaviour.
BC-PRQ-06005,BC-SKL-01043,supporting,inferred,Prerequisite for State the three conditions of continuity at a point.
BC-PRQ-06005,BC-SKL-01045,supporting,inferred,Prerequisite for Justify a continuity conclusion by naming the failed condition.
BC-PRQ-06005,BC-SKL-01060,supporting,inferred,Prerequisite for Write a limit expression describing end behaviour in context.
BC-PRQ-06005,BC-SKL-05003,supporting,inferred,Prerequisite for Compute the average rate of change over a closed interval.
BC-PRQ-06005,BC-SKL-05025,supporting,inferred,Prerequisite for Evaluate the function at every candidate.
BC-PRQ-06005,BC-SKL-05048,supporting,inferred,Prerequisite for Answer a question about a function from tabulated derivative values.
BC-PRQ-06005,BC-SKL-06001,supporting,inferred,Prerequisite for Interpret the area under a rate of change graph as accumulated change.
BC-PRQ-06005,BC-SKL-06002,supporting,inferred,Prerequisite for State the units of an accumulated change.
BC-PRQ-06005,BC-SKL-06005,supporting,inferred,Prerequisite for Compute a left Riemann sum from a table of values.
BC-PRQ-06005,BC-SKL-06006,supporting,inferred,Prerequisite for Compute a right Riemann sum from a table of values.
BC-PRQ-06005,BC-SKL-06009,supporting,inferred,Prerequisite for Compute a Riemann sum for a function given by a graph or a formula.
BC-PRQ-06005,BC-SKL-06017,supporting,inferred,Prerequisite for Write an accumulation function as a definite integral with a variable upper limit.
BC-PRQ-06005,BC-SKL-06019,supporting,inferred,Prerequisite for Differentiate an accumulation function whose upper limit is a function of x.
BC-PRQ-06005,BC-SKL-06036,supporting,inferred,Prerequisite for Compute net change in a quantity from its rate over an interval.
BC-PRQ-06005,BC-SKL-06037,supporting,inferred,Prerequisite for Compute a final value from an initial condition and an accumulated change.
BC-PRQ-06005,BC-SKL-06061,supporting,inferred,Prerequisite for Apply integration by parts to an integrand containing an unknown function and its derivative.
BC-PRQ-06005,BC-SKL-07003,supporting,inferred,Prerequisite for Assign the variables and their units from a verbal description.
BC-PRQ-06005,BC-SKL-07004,supporting,inferred,Prerequisite for Identify the initial condition stated in a context.
BC-PRQ-06005,BC-SKL-07007,supporting,inferred,Prerequisite for Confirm that a proposed solution satisfies the initial condition.
BC-PRQ-06005,BC-SKL-07010,supporting,inferred,Prerequisite for Compute the slope the equation assigns to a given point.
BC-PRQ-06005,BC-SKL-08001,supporting,inferred,Prerequisite for Apply the average value formula to a function given by a formula.
BC-PRQ-06005,BC-SKL-08004,supporting,inferred,Prerequisite for Distinguish average value from average rate of change.
BC-PRQ-06005,BC-SKL-08005,supporting,inferred,Prerequisite for State the meaning and units of an average value in context.
BC-PRQ-06005,BC-SKL-08006,supporting,inferred,Prerequisite for Compute displacement as the definite integral of velocity.
BC-PRQ-06005,BC-SKL-08009,supporting,inferred,Prerequisite for Determine a position value from an initial position and velocity.
BC-PRQ-06005,BC-SKL-08010,supporting,inferred,Prerequisite for Determine a velocity value from an initial velocity and acceleration.
BC-PRQ-06005,BC-SKL-08011,supporting,inferred,Prerequisite for Select displacement or total distance from the wording of a prompt.
BC-PRQ-06005,BC-SKL-08012,supporting,inferred,Prerequisite for Express the amount at a time as an initial amount plus an integral.
BC-PRQ-06005,BC-SKL-08013,supporting,inferred,Prerequisite for Set up a net rate as rate in minus rate out.
BC-PRQ-06005,BC-SKL-08015,supporting,inferred,Prerequisite for Interpret a definite integral of a rate in context with units.
BC-PRQ-06005,BC-SKL-08016,supporting,inferred,Prerequisite for Write a definite integral expression that answers an applied question.
BC-PRQ-06005,BC-SKL-08018,supporting,inferred,Prerequisite for Identify which curve is upper on an interval.
BC-PRQ-06005,BC-SKL-08019,supporting,inferred,Prerequisite for Set up the area integral of upper minus lower with respect to x.
BC-PRQ-06005,BC-SKL-08024,supporting,inferred,Prerequisite for Identify which curve is to the right on an interval of y.
BC-PRQ-06005,BC-SKL-08028,supporting,inferred,Prerequisite for Determine which curve is greater on each subinterval.
BC-PRQ-06005,BC-SKL-08029,supporting,inferred,Prerequisite for Write the area as a sum of definite integrals over the subintervals.
BC-PRQ-06005,BC-SKL-08057,supporting,inferred,Prerequisite for Set up an arc length integral from a described curve.
BC-PRQ-06005,BC-SKL-08058,supporting,inferred,Prerequisite for Identify a given integral as an arc length and name the interval.
BC-PRQ-06005,BC-SKL-09001,supporting,inferred,Prerequisite for Differentiate each component of a parametric curve with respect to the parameter.
BC-PRQ-06005,BC-SKL-09002,supporting,inferred,Prerequisite for Compute dy/dx for a parametric curve as a quotient of derivatives.
BC-PRQ-06005,BC-SKL-09003,supporting,inferred,Prerequisite for State the condition that dx/dt is not zero.
BC-PRQ-06005,BC-SKL-09005,supporting,inferred,Prerequisite for Write the equation of the tangent line at a point on a parametric curve.
BC-PRQ-06005,BC-SKL-09007,supporting,inferred,Prerequisite for Differentiate dy/dx with respect to the parameter.
BC-PRQ-06005,BC-SKL-09008,supporting,inferred,Prerequisite for Assemble the second derivative by dividing again by dx/dt.
BC-PRQ-06005,BC-SKL-09010,supporting,inferred,Prerequisite for Determine the concavity of a parametric curve from the sign of the second derivative.
BC-PRQ-06005,BC-SKL-09013,supporting,inferred,Prerequisite for Identify the parametric arc length integral as the distance travelled.
BC-PRQ-06005,BC-SKL-09020,supporting,inferred,Prerequisite for Write the displacement as a definite integral of the velocity vector.
BC-PRQ-06005,BC-SKL-09021,supporting,inferred,Prerequisite for Determine a coordinate of position from an initial position and a velocity component.
BC-PRQ-06005,BC-SKL-09022,supporting,inferred,Prerequisite for Accumulate backwards in time from a known later position.
BC-PRQ-06005,BC-SKL-09026,supporting,inferred,Prerequisite for Determine a coordinate of the particle at a time from an initial condition.
BC-PRQ-06005,BC-SKL-09031,supporting,inferred,Prerequisite for Interpret dr/dtheta as the rate at which the distance from the origin changes.
BC-PRQ-06005,BC-SKL-09032,supporting,inferred,Prerequisite for Relate the rate of the distance from the origin in time to dr/dtheta.
BC-PRQ-06005,BC-SKL-09035,supporting,inferred,Prerequisite for State the polar area integral for a single curve.
BC-PRQ-06005,BC-SKL-09041,supporting,inferred,Prerequisite for Set up the area integral between two polar curves.
BC-PRQ-06005,BC-SKL-10005,supporting,inferred,Prerequisite for Distinguish a sequence from its associated series.
BC-PRQ-06005,BC-SKL-10013,supporting,inferred,Prerequisite for State that the nth term test is inconclusive when the limit is zero.
BC-PRQ-06005,BC-SKL-10014,supporting,inferred,Prerequisite for State and verify the conditions required by the integral test.
BC-PRQ-06005,BC-SKL-10015,supporting,inferred,Prerequisite for Set up the improper integral that matches the series.
BC-PRQ-06005,BC-SKL-10017,supporting,inferred,Prerequisite for Conclude convergence or divergence of the series from the integral.
BC-PRQ-06005,BC-SKL-10020,supporting,inferred,Prerequisite for Recall the behaviour of the harmonic and alternating harmonic series.
BC-PRQ-06005,BC-SKL-10024,supporting,inferred,Prerequisite for Conclude convergence or divergence by direct comparison.
BC-PRQ-06005,BC-SKL-10030,supporting,inferred,Prerequisite for Conclude convergence by the alternating series test with both conditions stated.
BC-PRQ-06005,BC-SKL-10035,supporting,inferred,Prerequisite for Classify a series as absolutely convergent.
BC-PRQ-06005,BC-SKL-10036,supporting,inferred,Prerequisite for Classify a series as conditionally convergent.
BC-PRQ-06005,BC-SKL-10037,supporting,inferred,Prerequisite for Use absolute convergence to conclude convergence.
BC-PRQ-06005,BC-SKL-10038,supporting,inferred,Prerequisite for State the effect of rearrangement on an absolutely convergent series.
BC-PRQ-06005,BC-SKL-10039,supporting,inferred,Prerequisite for Confirm the alternating series test conditions before bounding the error.
BC-PRQ-06005,BC-SKL-10043,supporting,inferred,Prerequisite for Compute successive derivatives of a function at the centre.
BC-PRQ-06005,BC-SKL-10045,supporting,inferred,Prerequisite for Build a Taylor polynomial from a table of derivative values.
BC-PRQ-06005,BC-SKL-10047,supporting,inferred,Prerequisite for Build a Taylor polynomial for a related function from a known series.
BC-PRQ-06005,BC-SKL-10048,supporting,inferred,Prerequisite for Approximate a function value with a Taylor polynomial.
BC-PRQ-06005,BC-SKL-10049,supporting,inferred,Prerequisite for Identify the maximum of the next derivative on the interval.
BC-PRQ-06005,BC-SKL-10052,supporting,inferred,Prerequisite for Choose between the Lagrange and alternating series error bounds.
BC-PRQ-06005,BC-SKL-10058,supporting,inferred,Prerequisite for Test each endpoint series with an appropriate test.
BC-PRQ-06005,BC-SKL-10067,supporting,inferred,Prerequisite for Identify a Taylor polynomial as a partial sum of the Taylor series.
BC-PRQ-06005,BC-SKL-10070,supporting,inferred,Prerequisite for Apply the preserved radius to a differentiated or integrated series.
BC-PRQ-06006,BC-SKL-06012,supporting,inferred,Prerequisite for Expand summation notation into an explicit Riemann sum.
BC-PRQ-06006,BC-SKL-06013,supporting,inferred,"Prerequisite for Write a Riemann sum in sigma notation for a given function, interval, and partition."
BC-PRQ-06006,BC-SKL-06014,supporting,inferred,Prerequisite for Convert the limit of a Riemann sum into a definite integral.
BC-PRQ-06006,BC-SKL-06015,supporting,inferred,Prerequisite for Express a definite integral as the limit of a Riemann sum.
BC-PRQ-06006,BC-SKL-06016,supporting,inferred,Prerequisite for State the limit definition of the definite integral.
BC-PRQ-06006,BC-SKL-10002,supporting,inferred,Prerequisite for Compute the nth partial sum of a series.
BC-PRQ-06007,BC-SKL-06004,supporting,inferred,Prerequisite for Compute accumulated change from a piecewise linear rate graph using geometry.
BC-PRQ-06007,BC-SKL-06008,supporting,inferred,Prerequisite for Compute a trapezoidal sum from a table of values.
BC-PRQ-06007,BC-SKL-06020,supporting,inferred,Prerequisite for Evaluate an accumulation function at a specified input from the graph of the integrand.
BC-PRQ-06007,BC-SKL-06026,supporting,inferred,Prerequisite for Determine an absolute extreme value of an accumulation function with a global argument.
BC-PRQ-06007,BC-SKL-06028,supporting,inferred,Prerequisite for Evaluate a definite integral from a graph using area formulas.
BC-PRQ-06007,BC-SKL-08002,supporting,inferred,Prerequisite for Compute an average value from a graph using geometry.
BC-PRQ-06007,BC-SKL-08038,supporting,inferred,Prerequisite for Write the area of a semicircular cross section from the diameter.
BC-PRQ-06008,BC-SKL-06010,supporting,inferred,Prerequisite for Justify whether a Riemann sum under or over estimates using monotonicity.
BC-PRQ-06008,BC-SKL-06011,supporting,inferred,Prerequisite for Justify whether a trapezoidal or midpoint sum under or over estimates using concavity.
BC-PRQ-06009,BC-SKL-06053,supporting,inferred,Prerequisite for Rewrite an improper rational integrand by polynomial long division.
BC-PRQ-06009,BC-SKL-06056,supporting,inferred,Prerequisite for Decide between rearrangement and substitution for a rational integrand.
BC-PRQ-06010,BC-SKL-06054,supporting,inferred,Prerequisite for Complete the square in a quadratic denominator to reach a standard form.
BC-PRQ-06010,BC-SKL-06056,supporting,inferred,Prerequisite for Decide between rearrangement and substitution for a rational integrand.
BC-PRQ-06011,BC-SKL-06063,supporting,inferred,Prerequisite for Solve for the constants in a linear partial fraction decomposition.
BC-PRQ-06012,BC-SKL-06005,supporting,inferred,Prerequisite for Compute a left Riemann sum from a table of values.
BC-PRQ-06012,BC-SKL-06006,supporting,inferred,Prerequisite for Compute a right Riemann sum from a table of values.
BC-PRQ-06012,BC-SKL-06007,supporting,inferred,Prerequisite for Compute a midpoint Riemann sum.
BC-PRQ-06012,BC-SKL-06008,supporting,inferred,Prerequisite for Compute a trapezoidal sum from a table of values.
BC-PRQ-06013,BC-SKL-06017,supporting,inferred,Prerequisite for Write an accumulation function as a definite integral with a variable upper limit.
BC-PRQ-06013,BC-SKL-06018,supporting,inferred,Prerequisite for Differentiate an accumulation function with a variable upper limit.
BC-PRQ-06013,BC-SKL-10015,supporting,inferred,Prerequisite for Set up the improper integral that matches the series.
BC-PRQ-06013,BC-SKL-10069,supporting,inferred,Prerequisite for Integrate a power series term by term and determine the constant.
BC-PRQ-07001,BC-SKL-07027,supporting,inferred,Prerequisite for Solve the resulting equation for the dependent variable.
BC-PRQ-07001,BC-SKL-07036,supporting,inferred,Prerequisite for Determine the constant of proportionality from a second data pair.
BC-PRQ-07002,BC-SKL-07005,supporting,inferred,Prerequisite for Distinguish a differential equation from an equation for the quantity.
BC-PRQ-07002,BC-SKL-07006,supporting,inferred,Prerequisite for Differentiate a proposed solution and substitute it into the equation.
BC-PRQ-07002,BC-SKL-07024,supporting,inferred,Prerequisite for Separate the variables onto opposite sides of the equation.
BC-PRQ-07003,BC-SKL-07001,supporting,inferred,Prerequisite for Translate a proportionality statement into a differential equation.
BC-PRQ-07003,BC-SKL-07002,supporting,inferred,Prerequisite for Translate a rate statement involving a difference into a differential equation.
BC-PRQ-07003,BC-SKL-07034,supporting,inferred,Prerequisite for Write the exponential model from a proportionality statement.
BC-PRQ-07003,BC-SKL-07039,supporting,inferred,Prerequisite for Write the logistic equation from a joint proportionality statement.
BC-PRQ-07004,BC-SKL-07030,supporting,inferred,Prerequisite for Resolve an absolute value or a sign ambiguity from the initial condition.
BC-PRQ-07005,BC-SKL-07019,supporting,inferred,Prerequisite for Determine the step size from the interval and the number of steps.
BC-PRQ-07005,BC-SKL-07021,supporting,inferred,Prerequisite for Use the previous approximation as the input for the next step.
BC-PRQ-07006,BC-SKL-07010,supporting,inferred,Prerequisite for Compute the slope the equation assigns to a given point.
BC-PRQ-07006,BC-SKL-07011,supporting,inferred,Prerequisite for Draw the segments of a slope field at given lattice points.
BC-PRQ-07006,BC-SKL-07014,supporting,inferred,Prerequisite for Sketch a solution curve through a given point on a slope field.
BC-PRQ-08001,BC-SKL-08008,supporting,inferred,Prerequisite for Split a time interval at the sign changes of velocity.
BC-PRQ-08001,BC-SKL-08014,supporting,inferred,Prerequisite for Determine when an accumulated amount is maximal and justify globally.
BC-PRQ-08001,BC-SKL-08020,supporting,inferred,Prerequisite for Find intersection points algebraically to set the limits.
BC-PRQ-08001,BC-SKL-08027,supporting,inferred,Prerequisite for Locate every intersection point and order them.
BC-PRQ-08001,BC-SKL-09006,supporting,inferred,Prerequisite for Locate parameter values where the tangent is horizontal or vertical.
BC-PRQ-08001,BC-SKL-09024,supporting,inferred,Prerequisite for Solve for a time at which the speed has a stated value.
BC-PRQ-08001,BC-SKL-09027,supporting,inferred,Prerequisite for Determine when a particle moves toward or away from a coordinate axis.
BC-PRQ-08001,BC-SKL-09034,supporting,inferred,Prerequisite for Locate the point on a polar curve farthest from a coordinate axis.
BC-PRQ-08001,BC-SKL-09039,supporting,inferred,Prerequisite for Find the intersection angles of two polar curves.
BC-PRQ-08002,BC-SKL-08023,supporting,inferred,Prerequisite for Rewrite a curve as a function of y.
BC-PRQ-08002,BC-SKL-08025,supporting,inferred,Prerequisite for Set up and evaluate an area integral with respect to y.
BC-PRQ-08002,BC-SKL-08026,supporting,inferred,Prerequisite for Choose whether to integrate in x or in y for a given region.
BC-PRQ-08002,BC-SKL-08034,supporting,inferred,Prerequisite for Determine the axis the cross sections are perpendicular to.
BC-PRQ-08002,BC-SKL-08042,supporting,inferred,Prerequisite for Set up the disc integral about the y axis.
BC-PRQ-08002,BC-SKL-08045,supporting,inferred,Prerequisite for Write the radius as the distance from a curve to a vertical line.
BC-PRQ-08002,BC-SKL-08050,supporting,inferred,Prerequisite for Set up the washer integral about the y axis.
BC-PRQ-08002,BC-SKL-08053,supporting,inferred,Prerequisite for Write both washer radii as distances from a vertical line.
BC-PRQ-08003,BC-SKL-08007,supporting,inferred,Prerequisite for Compute total distance as the definite integral of speed.
BC-PRQ-08003,BC-SKL-08008,supporting,inferred,Prerequisite for Split a time interval at the sign changes of velocity.
BC-PRQ-08003,BC-SKL-08030,supporting,inferred,Prerequisite for Write the area as the integral of the absolute value of the difference.
BC-PRQ-08004,BC-SKL-08031,supporting,inferred,Prerequisite for Express the side of a cross section as the distance between the curves.
BC-PRQ-08004,BC-SKL-08032,supporting,inferred,Prerequisite for Set up the volume integral for square cross sections.
BC-PRQ-08004,BC-SKL-08033,supporting,inferred,Prerequisite for Set up the volume integral for rectangular cross sections.
BC-PRQ-08004,BC-SKL-08040,supporting,inferred,Prerequisite for Identify the radius of a disc as the distance to the axis.
BC-PRQ-08004,BC-SKL-08041,supporting,inferred,Prerequisite for Set up the disc integral about the x axis.
BC-PRQ-08004,BC-SKL-08044,supporting,inferred,Prerequisite for Write the radius as the distance from a curve to a horizontal line.
BC-PRQ-08004,BC-SKL-08046,supporting,inferred,Prerequisite for Set up the disc integral about a line other than an axis.
BC-PRQ-08004,BC-SKL-08047,supporting,inferred,Prerequisite for Keep the limits of integration unchanged when the axis shifts.
BC-PRQ-08004,BC-SKL-08048,supporting,inferred,Prerequisite for Identify the outer and inner radii of a washer.
BC-PRQ-08004,BC-SKL-08049,supporting,inferred,Prerequisite for Set up the washer integral about the x axis.
BC-PRQ-08004,BC-SKL-08052,supporting,inferred,Prerequisite for Write both washer radii as distances from a horizontal line.
BC-PRQ-08004,BC-SKL-08054,supporting,inferred,Prerequisite for Determine which boundary curve is farther from the shifted axis.
BC-PRQ-08004,BC-SKL-08055,supporting,inferred,Prerequisite for Set up the washer integral about a line other than an axis.
BC-PRQ-08005,BC-SKL-08036,supporting,inferred,Prerequisite for Write the area of an equilateral triangular cross section.
BC-PRQ-08005,BC-SKL-08037,supporting,inferred,Prerequisite for Write the area of a right isosceles triangular cross section.
BC-PRQ-08006,BC-SKL-08003,supporting,inferred,Prerequisite for Present the calculator setup for an average value and report it.
BC-PRQ-08006,BC-SKL-08017,supporting,inferred,Prerequisite for Evaluate an applied accumulation integral and report it in context.
BC-PRQ-08006,BC-SKL-08021,supporting,inferred,Prerequisite for Find intersection points with a calculator to set the limits.
BC-PRQ-08006,BC-SKL-08059,supporting,inferred,Prerequisite for Evaluate an arc length integral with technology.
BC-PRQ-08006,BC-SKL-09004,supporting,inferred,Prerequisite for Evaluate the slope of the tangent at a parameter value.
BC-PRQ-08006,BC-SKL-09009,supporting,inferred,Prerequisite for Evaluate the second derivative at a parameter value.
BC-PRQ-08006,BC-SKL-09012,supporting,inferred,Prerequisite for Evaluate a parametric arc length integral with technology.
BC-PRQ-08006,BC-SKL-09038,supporting,inferred,Prerequisite for Evaluate a polar area integral and report the area.
BC-PRQ-08006,BC-SKL-09042,supporting,inferred,Prerequisite for Evaluate the area between two polar curves and report it.
BC-PRQ-08007,BC-SKL-08056,supporting,inferred,Prerequisite for State the arc length integral for a function on an interval.
BC-PRQ-08007,BC-SKL-09011,supporting,inferred,Prerequisite for Set up the arc length integral for a parametric curve.
BC-PRQ-08007,BC-SKL-09023,supporting,inferred,Prerequisite for Compute the speed of a particle as the magnitude of its velocity.
BC-PRQ-08007,BC-SKL-09025,supporting,inferred,Prerequisite for Compute the total distance travelled as the integral of speed.
BC-PRQ-09001,BC-SKL-09015,supporting,inferred,Prerequisite for Differentiate a vector-valued function component by component.
BC-PRQ-09001,BC-SKL-09016,supporting,inferred,Prerequisite for Evaluate the velocity vector at a given time.
BC-PRQ-09001,BC-SKL-09017,supporting,inferred,Prerequisite for Evaluate the acceleration vector as the derivative of velocity.
BC-PRQ-09001,BC-SKL-09018,supporting,inferred,Prerequisite for Convert between parametric equations and vector-valued notation.
BC-PRQ-09001,BC-SKL-09019,supporting,inferred,Prerequisite for Antidifferentiate a vector-valued function component by component.
BC-PRQ-09001,BC-SKL-09028,supporting,inferred,Prerequisite for Present the acceleration vector at a time with its setup.
BC-PRQ-09002,BC-SKL-09029,supporting,inferred,Prerequisite for Convert a point on a polar curve to Cartesian coordinates.
BC-PRQ-09002,BC-SKL-09033,supporting,inferred,Prerequisite for Compute dy/dx for a polar curve.
BC-PRQ-09002,BC-SKL-09037,supporting,inferred,Prerequisite for Identify the angle interval that traces one loop of a polar curve.
BC-PRQ-09002,BC-SKL-09039,supporting,inferred,Prerequisite for Find the intersection angles of two polar curves.
BC-PRQ-09002,BC-SKL-09040,supporting,inferred,Prerequisite for Determine which polar curve is outer on an angle interval.
BC-PRQ-09003,BC-SKL-09024,supporting,inferred,Prerequisite for Solve for a time at which the speed has a stated value.
BC-PRQ-09003,BC-SKL-09030,supporting,inferred,Prerequisite for Compute dr/dtheta for a polar curve and evaluate it.
BC-PRQ-09004,BC-SKL-09014,supporting,inferred,Prerequisite for Identify the parameter interval over which a length is measured.
BC-PRQ-09004,BC-SKL-09036,supporting,inferred,Prerequisite for Determine the angles that bound a polar region.
BC-PRQ-09004,BC-SKL-09043,supporting,inferred,Prerequisite for Use symmetry or a sum of integrals for a polar region with several pieces.
BC-PRQ-10001,BC-SKL-10007,supporting,inferred,Prerequisite for Apply the convergence condition for a geometric series.
BC-PRQ-10001,BC-SKL-10010,supporting,inferred,Prerequisite for Sum a geometric series whose ratio contains the variable.
BC-PRQ-10001,BC-SKL-10033,supporting,inferred,Prerequisite for Conclude from the value of the ratio limit
BC-PRQ-10001,BC-SKL-10042,supporting,inferred,Prerequisite for Compare the error bound with a stated tolerance.
BC-PRQ-10001,BC-SKL-10051,supporting,inferred,Prerequisite for Compare the Lagrange bound with a stated tolerance.
BC-PRQ-10001,BC-SKL-10055,supporting,inferred,Prerequisite for Solve the ratio inequality for the interior of the interval.
BC-PRQ-10001,BC-SKL-10056,supporting,inferred,Prerequisite for State the radius of convergence explicitly.
BC-PRQ-10001,BC-SKL-10072,supporting,inferred,Prerequisite for Represent a power series in closed form by recognising a geometric series.
BC-PRQ-10002,BC-SKL-10031,supporting,inferred,Prerequisite for Set up the ratio of consecutive terms of a series.
BC-PRQ-10002,BC-SKL-10032,supporting,inferred,Prerequisite for Evaluate the limit of the ratio of consecutive terms.
BC-PRQ-10002,BC-SKL-10044,supporting,inferred,Prerequisite for Build a Taylor polynomial from derivative values at the centre.
BC-PRQ-10002,BC-SKL-10045,supporting,inferred,Prerequisite for Build a Taylor polynomial from a table of derivative values.
BC-PRQ-10002,BC-SKL-10046,supporting,inferred,Prerequisite for Write a Maclaurin polynomial as the Taylor polynomial about zero.
BC-PRQ-10002,BC-SKL-10047,supporting,inferred,Prerequisite for Build a Taylor polynomial for a related function from a known series.
BC-PRQ-10002,BC-SKL-10050,supporting,inferred,Prerequisite for Write the Lagrange error bound in the correct form.
BC-PRQ-10002,BC-SKL-10051,supporting,inferred,Prerequisite for Compare the Lagrange bound with a stated tolerance.
BC-PRQ-10002,BC-SKL-10054,supporting,inferred,Prerequisite for Apply the ratio test to a power series.
BC-PRQ-10002,BC-SKL-10061,supporting,inferred,Prerequisite for Recall the Maclaurin series for the exponential function.
BC-PRQ-10002,BC-SKL-10062,supporting,inferred,Prerequisite for Recall the Maclaurin series for sine and cosine.
BC-PRQ-10003,BC-SKL-10004,supporting,inferred,Prerequisite for Evaluate a telescoping series through its partial sums.
BC-PRQ-10003,BC-SKL-10009,supporting,inferred,Prerequisite for Sum a geometric series whose index does not start at zero.
BC-PRQ-10003,BC-SKL-10040,supporting,inferred,Prerequisite for Identify the first omitted term of the partial sum.
BC-PRQ-10003,BC-SKL-10060,supporting,inferred,Prerequisite for Write the general term of a Taylor series.
BC-PRQ-10004,BC-SKL-10001,supporting,inferred,Prerequisite for Determine whether a sequence converges and find its limit.
BC-PRQ-10004,BC-SKL-10003,supporting,inferred,Prerequisite for Determine convergence of a series from the limit of its partial sums.
BC-PRQ-10004,BC-SKL-10011,supporting,inferred,Prerequisite for Evaluate the limit of the general term of a series.
BC-PRQ-10004,BC-SKL-10012,supporting,inferred,Prerequisite for Conclude divergence when the general term does not approach zero.
BC-PRQ-10004,BC-SKL-10022,supporting,inferred,Prerequisite for Choose a comparison series for a given series.
BC-PRQ-10004,BC-SKL-10023,supporting,inferred,Prerequisite for Establish the term-by-term inequality for a direct comparison.
BC-PRQ-10004,BC-SKL-10025,supporting,inferred,Prerequisite for Set up the limit comparison ratio with limit notation.
BC-PRQ-10004,BC-SKL-10026,supporting,inferred,Prerequisite for Conclude from a positive finite limit in a limit comparison.
BC-PRQ-10004,BC-SKL-10028,supporting,inferred,Prerequisite for Verify that the terms decrease in absolute value.
BC-PRQ-10004,BC-SKL-10029,supporting,inferred,Prerequisite for Verify that the terms tend to zero.
BC-PRQ-10004,BC-SKL-10032,supporting,inferred,Prerequisite for Evaluate the limit of the ratio of consecutive terms.
BC-PRQ-10004,BC-SKL-10054,supporting,inferred,Prerequisite for Apply the ratio test to a power series.
BC-PRQ-10005,BC-SKL-10006,supporting,inferred,Prerequisite for Identify a series as geometric and state its first term and ratio.
BC-PRQ-10005,BC-SKL-10008,supporting,inferred,Prerequisite for Compute the sum of a convergent geometric series.
BC-PRQ-10005,BC-SKL-10010,supporting,inferred,Prerequisite for Sum a geometric series whose ratio contains the variable.
BC-PRQ-10005,BC-SKL-10021,supporting,inferred,Prerequisite for Select an appropriate convergence test from the form of the general term.
BC-PRQ-10005,BC-SKL-10063,supporting,inferred,Prerequisite for Recall the Maclaurin series for one over one minus x.
BC-PRQ-10005,BC-SKL-10072,supporting,inferred,Prerequisite for Represent a power series in closed form by recognising a geometric series.
BC-PRQ-10006,BC-SKL-10055,supporting,inferred,Prerequisite for Solve the ratio inequality for the interior of the interval.
BC-PRQ-10006,BC-SKL-10059,supporting,inferred,Prerequisite for State the interval of convergence with the correct endpoint inclusion.
BC-PRQ-10006,BC-SKL-10071,supporting,inferred,Prerequisite for Recheck the endpoints for a derived power series.
BC-PRQ-10006,BC-SKL-10073,supporting,inferred,Prerequisite for Decide whether a series converges to the function at a stated input.
BC-PRQ-10007,BC-SKL-10025,supporting,inferred,Prerequisite for Set up the limit comparison ratio with limit notation.
BC-PRQ-10007,BC-SKL-10031,supporting,inferred,Prerequisite for Set up the ratio of consecutive terms of a series.
BC-PRQ-10007,BC-SKL-10032,supporting,inferred,Prerequisite for Evaluate the limit of the ratio of consecutive terms.
BC-PRQ-10007,BC-SKL-10054,supporting,inferred,Prerequisite for Apply the ratio test to a power series.
BC-PRQ-10007,BC-SKL-10064,supporting,inferred,Prerequisite for Construct a Maclaurin series by substitution into a known series.
BC-PRQ-10008,BC-SKL-10002,supporting,inferred,Prerequisite for Compute the nth partial sum of a series.
BC-PRQ-10008,BC-SKL-10004,supporting,inferred,Prerequisite for Evaluate a telescoping series through its partial sums.
BC-PRQ-10008,BC-SKL-10006,supporting,inferred,Prerequisite for Identify a series as geometric and state its first term and ratio.
BC-PRQ-10008,BC-SKL-10009,supporting,inferred,Prerequisite for Sum a geometric series whose index does not start at zero.
BC-PRQ-10008,BC-SKL-10011,supporting,inferred,Prerequisite for Evaluate the limit of the general term of a series.
BC-PRQ-10008,BC-SKL-10018,supporting,inferred,Prerequisite for Classify a series as harmonic
BC-PRQ-10008,BC-SKL-10021,supporting,inferred,Prerequisite for Select an appropriate convergence test from the form of the general term.
BC-PRQ-10008,BC-SKL-10027,supporting,inferred,Prerequisite for Recognise a series as alternating.
BC-PRQ-10008,BC-SKL-10031,supporting,inferred,Prerequisite for Set up the ratio of consecutive terms of a series.
BC-PRQ-10008,BC-SKL-10034,supporting,inferred,Prerequisite for Test the series of absolute values.
BC-PRQ-10008,BC-SKL-10040,supporting,inferred,Prerequisite for Identify the first omitted term of the partial sum.
BC-PRQ-10008,BC-SKL-10041,supporting,inferred,Prerequisite for Evaluate the bounding term at the given input.
BC-PRQ-10008,BC-SKL-10053,supporting,inferred,Prerequisite for Identify a power series and its centre.
BC-PRQ-10008,BC-SKL-10057,supporting,inferred,Prerequisite for Substitute each endpoint to produce the two numerical series.
BC-PRQ-10008,BC-SKL-10060,supporting,inferred,Prerequisite for Write the general term of a Taylor series.
BC-PRQ-10008,BC-SKL-10062,supporting,inferred,Prerequisite for Recall the Maclaurin series for sine and cosine.
BC-PRQ-10008,BC-SKL-10066,supporting,inferred,Prerequisite for Evaluate a Taylor series at a point to obtain a numerical series.
BC-PRQ-10008,BC-SKL-10068,supporting,inferred,Prerequisite for Differentiate a power series term by term.
BC-PRQ-10008,BC-SKL-10071,supporting,inferred,Prerequisite for Recheck the endpoints for a derived power series.
BC-SKL-01001,BC-SKL-01003,hard_prerequisite,inferred,The limiting description is built on the average rate computation.
BC-SKL-01001,BC-SKL-02002,supporting,inferred,Prerequisite for Compute an average rate of change from the two point difference quotient.
BC-SKL-01001,BC-SKL-02003,supporting,inferred,Prerequisite for Interpret an average rate of change in context with units.
BC-SKL-01001,BC-SKL-02014,supporting,inferred,Prerequisite for Estimate a derivative at a point from a table using a difference quotient.
BC-SKL-01001,BC-SKL-02015,supporting,inferred,Prerequisite for State the units of an estimated derivative in context.
BC-SKL-01003,BC-SKL-01004,hard_prerequisite,inferred,Estimating an instantaneous rate applies the limiting description.
BC-SKL-01003,BC-SKL-02004,supporting,inferred,Prerequisite for Distinguish an average rate of change from an instantaneous rate of change.
BC-SKL-01003,BC-SKL-02005,hard_prerequisite,inferred,The instantaneous rate as a limit of average rates is the Unit 2 definition of the derivative.
BC-SKL-01003,BC-SKL-02005,supporting,inferred,Prerequisite for Express an instantaneous rate of change as a limit of average rates.
BC-SKL-01005,BC-SKL-01007,hard_prerequisite,inferred,One sided notation builds on the two sided limit notation.
BC-SKL-01005,BC-SKL-02005,supporting,inferred,Prerequisite for Express an instantaneous rate of change as a limit of average rates.
BC-SKL-01006,BC-SKL-01037,supporting,inferred,Verbal translation of a limit statement builds on reading the notation.
BC-SKL-01006,BC-SKL-06014,hard_prerequisite,inferred,Evaluating a limit is required before a Riemann sum limit can be read as an integral
BC-SKL-01009,BC-SKL-01015,supporting,inferred,Graphical estimation and numerical estimation support the same limit concept.
BC-SKL-01009,BC-SKL-02017,supporting,inferred,Prerequisite for Estimate a derivative at a point from a graph.
BC-SKL-01010,BC-SKL-01011,hard_prerequisite,inferred,Reading one sided limits precedes concluding nonexistence from disagreement.
BC-SKL-01010,BC-SKL-02022,supporting,inferred,Prerequisite for Identify a corner from unequal one sided limits of the difference quotient.
BC-SKL-01012,BC-SKL-02023,supporting,inferred,Prerequisite for Identify a vertical tangent as a failure of differentiability.
BC-SKL-01015,BC-SKL-10001,supporting,inferred,Reading a limit from a sequence of values supports convergence of sequences at Unit 10 topic 10.1
BC-SKL-01016,BC-SKL-02016,supporting,inferred,Prerequisite for Select the interval of a table that supports the requested estimate.
BC-SKL-01018,BC-SKL-02030,supporting,inferred,Prerequisite for Apply the sum and difference rules.
BC-SKL-01021,BC-SKL-01029,hard_prerequisite,inferred,Substitution must be available before an expression can be classified by its form under substitution.
BC-SKL-01021,BC-TOP-0202,supporting,inferred,Direct substitution is the closing step of a derivative computed from the limit definition; unmapped
BC-SKL-01023,BC-SKL-01044,hard_prerequisite,inferred,Testing continuity at a boundary requires the one sided limits of the branches.
BC-SKL-01024,BC-SKL-02009,supporting,inferred,Prerequisite for Evaluate a derivative from the limit definition.
BC-SKL-01024,BC-TOP-0202,hard_prerequisite,inferred,Evaluating an indeterminate limit by rewriting is the technique used on the difference quotient limit in Unit 2 topic 2.2; unmapped
BC-SKL-01028,BC-SKL-01024,hard_prerequisite,inferred,Recognising the indeterminate form precedes selecting a rewriting technique.
BC-SKL-01028,BC-SKL-01025,hard_prerequisite,inferred,Recognising the indeterminate form precedes selecting a rewriting technique.
BC-SKL-01028,BC-SKL-01026,hard_prerequisite,inferred,Recognising the indeterminate form precedes selecting a rewriting technique.
BC-SKL-01028,BC-SKL-01027,hard_prerequisite,inferred,Recognising the indeterminate form precedes selecting a rewriting technique.
BC-SKL-01028,BC-SKL-04037,hard_prerequisite,inferred,Identifying an indeterminate form is the entry condition for L'Hospital's rule at Unit 4 topic 4.7.
BC-SKL-01029,BC-SKL-01030,hard_prerequisite,inferred,Classification of the form precedes selection of the procedure.
BC-SKL-01032,BC-SKL-01034,hard_prerequisite,inferred,The conclusion of the squeeze theorem rests on its stated hypotheses.
BC-SKL-01033,BC-SKL-01035,hard_prerequisite,inferred,Bounding an oscillating factor is the step that produces the inequality.
BC-SKL-01036,BC-SKL-02011,supporting,inferred,"Prerequisite for Represent a derivative graphically, numerically, and verbally."
BC-SKL-01039,BC-SKL-01050,hard_prerequisite,inferred,Removing a discontinuity requires that it be classified as removable first.
BC-SKL-01040,BC-SKL-02021,supporting,inferred,Prerequisite for Give a continuous function that fails to be differentiable at a point.
BC-SKL-01040,BC-SKL-02024,supporting,inferred,Jump discontinuity classification supports the Unit 2 treatment of points where a derivative fails to exist
BC-SKL-01041,BC-SKL-01057,supporting,inferred,Distinguishing an asymptote from a removable break uses both classifications.
BC-SKL-01043,BC-SKL-01044,hard_prerequisite,inferred,The three conditions must be stated before they can be tested.
BC-SKL-01043,BC-SKL-01065,hard_prerequisite,inferred,Verifying the continuity hypothesis rests on the definition of continuity.
BC-SKL-01043,BC-SKL-02019,hard_prerequisite,inferred,Continuity at a point is the conclusion drawn from differentiability in Unit 2 topic 2.4; no Unit 2 skill id exists in data/skills.json at the time of writing.
BC-SKL-01043,BC-SKL-02019,supporting,inferred,Prerequisite for State that differentiability at a point implies continuity at that point.
BC-SKL-01044,BC-SKL-01045,hard_prerequisite,inferred,A justification names the condition that the test found to fail.
BC-SKL-01044,BC-SKL-01051,hard_prerequisite,inferred,Solving for a parameter applies the continuity test with an unknown in place.
BC-SKL-01044,BC-SKL-02024,supporting,inferred,Prerequisite for Conclude non-differentiability from a discontinuity.
BC-SKL-01046,BC-SKL-01048,hard_prerequisite,inferred,Branch by branch continuity uses the domain based determination.
BC-SKL-01047,BC-SKL-01046,hard_prerequisite,inferred,Naming the families continuous on their domains supports reading intervals of continuity off the domain.
BC-SKL-01051,BC-SKL-01052,hard_prerequisite,inferred,Two boundary conditions extend the single boundary case.
BC-SKL-01054,BC-SKL-06066,hard_prerequisite,inferred,Infinite limits underlie the improper integral treatment at Unit 6 topic 6.13
BC-SKL-01055,BC-SKL-01054,supporting,inferred,Sign analysis supplies the content that the infinite limit notation records.
BC-SKL-01058,BC-SKL-01059,hard_prerequisite,inferred,A horizontal asymptote is read off a limit at infinity.
BC-SKL-01058,BC-SKL-01061,hard_prerequisite,inferred,The radical case extends the degree comparison method.
BC-SKL-01058,BC-SKL-04034,hard_prerequisite,inferred,Limits at infinity and indeterminate forms are the setting for L'Hospital's rule at Unit 4 topic 4.7
BC-SKL-01058,BC-SKL-10001,hard_prerequisite,inferred,A sequence limit for a rational formula in n is a limit at infinity settled by comparing degrees.
BC-SKL-01058,BC-SKL-10032,supporting,inferred,The simplified ratio limit is a limit at infinity.
BC-SKL-01058,BC-TOP-0613,hard_prerequisite,inferred,Limits at infinity underlie the improper integral treatment at Unit 6 topic 6.13; unmapped
BC-SKL-01059,BC-SKL-01063,supporting,inferred,Two ends are handled by the same method applied twice.
BC-SKL-01059,BC-SKL-05031,supporting,inferred,Horizontal asymptotes contribute to the graph analysis of Unit 5
BC-SKL-01060,BC-SKL-04016,hard_prerequisite,inferred,The end behaviour of a rate is a limit at infinity; the topic id stands in for the Unit 1 skill.
BC-SKL-01061,BC-SKL-10001,supporting,inferred,Sequence formulas containing radicals are handled as limits at infinity.
BC-SKL-01062,BC-TOP-1004,supporting,inferred,Relative magnitude comparison by limits supports the comparison tests of Unit 10; unmapped
BC-SKL-01064,BC-SKL-01065,hard_prerequisite,inferred,The hypotheses must be known before one of them can be verified.
BC-SKL-01064,BC-SKL-01066,hard_prerequisite,inferred,The hypotheses must be known before one of them can be verified.
BC-SKL-01065,BC-SKL-01067,hard_prerequisite,inferred,The conclusion may be stated only once the hypotheses are established.
BC-SKL-01065,BC-SKL-02020,supporting,inferred,Prerequisite for Use differentiability to justify continuity in a written argument.
BC-SKL-01065,BC-TOP-0504,supporting,inferred,The continuity hypothesis recurs in the existence theorems of Unit 5; unmapped
BC-SKL-01066,BC-SKL-01067,hard_prerequisite,inferred,The conclusion may be stated only once the hypotheses are established.
BC-SKL-01067,BC-SKL-01068,hard_prerequisite,inferred,The tabular application assembles the hypotheses and the conclusion.
BC-SKL-01067,BC-SKL-05001,supporting,inferred,Existence conclusions of the Intermediate Value Theorem pattern the Mean Value Theorem conclusions in Unit 5 topic 5.1.
BC-SKL-02001,BC-SKL-02006,hard_prerequisite,inferred,The limit form of the derivative is built on the increment difference quotient.
BC-SKL-02002,BC-SKL-02007,hard_prerequisite,inferred,The two point limit form is built on the two point difference quotient.
BC-SKL-02003,BC-SKL-04002,hard_prerequisite,inferred,Interpreting a derivative in context with units is the subject of Unit 4 topic 4.1
BC-SKL-02004,BC-SKL-02005,hard_prerequisite,inferred,Separating the two kinds of rate precedes writing the limit that connects them.
BC-SKL-02006,BC-SKL-02007,co_requisite,inferred,The two forms of the definition are equivalent and are learned together.
BC-SKL-02006,BC-SKL-02008,hard_prerequisite,inferred,The derivative function generalises the derivative at a point.
BC-SKL-02006,BC-SKL-02035,hard_prerequisite,inferred,Prerequisite for Evaluate a limit by recognising it as the derivative of a known function.
BC-SKL-02008,BC-SKL-02035,supporting,inferred,Recognising a limit as a derivative rests on the definition being fluent in both directions.
BC-SKL-02008,BC-SKL-10045,supporting,inferred,Taylor polynomials at Unit 10 are built from derivative values at a base point
BC-SKL-02008,BC-TOP-0407,supporting,inferred,L'Hospital's rule at Unit 4 topic 4.7 replaces the algebraic handling of indeterminate forms that Unit 1 and the derivative definition use; unmapped
BC-SKL-02009,BC-SKL-02027,hard_prerequisite,inferred,Prerequisite for Derive a power rule case from the limit definition.
BC-SKL-02009,BC-TOP-0301,hard_prerequisite,inferred,The limit definition underlies the chain rule development at Unit 3 topic 3.1; unmapped
BC-SKL-02012,BC-SKL-02013,hard_prerequisite,inferred,The tangent line uses the derivative read as a slope.
BC-SKL-02013,BC-SKL-04030,hard_prerequisite,inferred,Linear approximation at Unit 4 topic 4.6 is the tangent line used as an estimate.
BC-SKL-02013,BC-SKL-07009,supporting,inferred,Slope fields at Unit 7 topic 7.2 read a differential equation as a prescription of tangent slopes.
BC-SKL-02014,BC-SKL-02015,co_requisite,inferred,The units are demanded with the estimate in the same part.
BC-SKL-02014,BC-TOP-0402,supporting,inferred,Estimating a derivative from a table supports the motion analysis of Unit 4 topic 4.2; unmapped
BC-SKL-02016,BC-SKL-02014,hard_prerequisite,inferred,The interval must be chosen before the estimate is computed.
BC-SKL-02019,BC-SKL-02020,hard_prerequisite,inferred,Using the implication in an argument rests on stating it.
BC-SKL-02019,BC-SKL-02024,hard_prerequisite,inferred,The contrapositive rests on the implication.
BC-SKL-02019,BC-SKL-05001,hard_prerequisite,inferred,The Mean Value Theorem at Unit 5 topic 5.1 carries both a continuity and a differentiability hypothesis.
BC-SKL-02019,BC-TOP-0116,supporting,inferred,Differentiability supplies the continuity hypothesis of the Intermediate Value Theorem at Unit 1 topic 1.16; unmapped
BC-SKL-02021,BC-SKL-02022,supporting,inferred,Examples of non-differentiability are analysed through the one sided difference quotients.
BC-SKL-02021,BC-SKL-03005,supporting,inferred,Knowing where a derivative fails to exist is needed before a slope is read off a graph; the topic id stands in for the Unit 2 skill
BC-SKL-02021,BC-SKL-08057,hard_prerequisite,inferred,Differentiating the given function precedes the arc length integrand; no Unit 2 skill id exists yet
BC-SKL-02025,BC-SKL-02026,hard_prerequisite,inferred,The rewriting case extends the integer exponent case.
BC-SKL-02025,BC-SKL-02031,hard_prerequisite,inferred,Prerequisite for Differentiate a polynomial function.
BC-SKL-02025,BC-TOP-0607,hard_prerequisite,inferred,Antiderivative recognition at Unit 6 reverses the power rule; unmapped
BC-SKL-02027,BC-SKL-03002,hard_prerequisite,inferred,"The power rule is the outer rule in most composite derivatives; no Unit 2 skill id exists yet, so the topic id stands in for it."
BC-SKL-02027,BC-SKL-05014,hard_prerequisite,inferred,"Differentiating with the power rule, a Unit 2 skill not yet in data/skills.json; the topic id stands in for it."
BC-SKL-02027,BC-SKL-06040,hard_prerequisite,inferred,Antiderivative recognition reverses the power rule from Unit 2.
BC-SKL-02029,BC-SKL-02031,hard_prerequisite,inferred,Polynomial differentiation combines the power rule with the constant multiple rule.
BC-SKL-02029,BC-SKL-02042,hard_prerequisite,inferred,Prerequisite for Rewrite a quotient with a constant denominator instead of using the quotient rule.
BC-SKL-02030,BC-SKL-02031,hard_prerequisite,inferred,Polynomial differentiation combines the power rule with the sum rule.
BC-SKL-02031,BC-SKL-02036,hard_prerequisite,inferred,Prerequisite for Apply the product rule to a product of two differentiable functions.
BC-SKL-02031,BC-SKL-02038,hard_prerequisite,inferred,Prerequisite for Decide whether to expand a product or to apply the product rule.
BC-SKL-02031,BC-TOP-0502,hard_prerequisite,inferred,The first derivative test at Unit 5 topic 5.2 needs the derivative of the given rule; unmapped
BC-SKL-02032,BC-SKL-02044,supporting,inferred,The sine and cosine derivatives feed the quotient rule computation.
BC-SKL-02032,BC-TOP-0607,hard_prerequisite,inferred,Antiderivative recognition at Unit 6 reverses the basic transcendental derivatives; unmapped
BC-SKL-02035,BC-SKL-06042,hard_prerequisite,inferred,Trigonometric derivative rules read backwards give the basic trigonometric antiderivatives
BC-SKL-02036,BC-SKL-02037,hard_prerequisite,inferred,Evaluating from supplied values applies the rule.
BC-SKL-02036,BC-SKL-02039,hard_prerequisite,inferred,Prerequisite for Apply the quotient rule to a quotient of two differentiable functions.
BC-SKL-02036,BC-SKL-03006,hard_prerequisite,inferred,The product rule is applied around the composite factor; the topic id stands in for the Unit 2 skill
BC-SKL-02036,BC-SKL-09007,supporting,inferred,The same derivative is often taken as a product instead.
BC-SKL-02036,BC-SKL-09033,hard_prerequisite,inferred,The product rule is needed to differentiate r times a trigonometric factor; no Unit 2 skill id exists yet
BC-SKL-02036,BC-SKL-10043,hard_prerequisite,inferred,Successive derivatives of a product need the product rule.
BC-SKL-02036,BC-TOP-0302,hard_prerequisite,inferred,Implicit differentiation at Unit 3 topic 3.2 applies the product rule to mixed terms; unmapped
BC-SKL-02036,BC-TOP-0611,hard_prerequisite,inferred,Integration by parts at Unit 6 topic 6.11 is the product rule read as an antidifferentiation technique; unmapped
BC-SKL-02039,BC-SKL-02040,hard_prerequisite,inferred,Prerequisite for Keep the order of the terms in the quotient rule numerator.
BC-SKL-02039,BC-SKL-02041,hard_prerequisite,inferred,Evaluating from supplied values applies the rule.
BC-SKL-02039,BC-SKL-02044,hard_prerequisite,inferred,The tangent and cotangent derivatives are obtained by the quotient rule.
BC-SKL-02039,BC-SKL-02045,hard_prerequisite,inferred,The secant and cosecant derivatives are obtained by the quotient rule.
BC-SKL-02039,BC-SKL-03020,hard_prerequisite,inferred,Derivatives of inverse functions at Unit 3 topic 3.3 rest on the quotient and chain rules.
BC-SKL-02039,BC-SKL-09007,hard_prerequisite,inferred,Differentiating dy/dx as a quotient in the parameter uses the quotient rule.
BC-SKL-02043,BC-SKL-02044,hard_prerequisite,inferred,Prerequisite for Differentiate tangent and cotangent.
BC-SKL-02043,BC-SKL-02045,hard_prerequisite,inferred,Prerequisite for Differentiate secant and cosecant.
BC-SKL-02043,BC-SKL-02046,hard_prerequisite,inferred,Selecting an identity rests on being able to carry out the rewriting.
BC-SKL-02046,BC-SKL-03028,supporting,inferred,Derivatives of the remaining trigonometric functions widen the set of rules to be selected among; the topic id stands in for the Unit 2 skill
BC-SKL-03001,BC-SKL-03002,hard_prerequisite,inferred,Decomposition precedes any chain rule application.
BC-SKL-03002,BC-SKL-03003,hard_prerequisite,inferred,A multi-layer composite repeats the two layer procedure.
BC-SKL-03002,BC-SKL-03004,hard_prerequisite,inferred,The table evaluation instantiates the symbolic chain rule.
BC-SKL-03002,BC-SKL-03006,hard_prerequisite,inferred,The composite factor is differentiated inside the product or quotient rule.
BC-SKL-03002,BC-SKL-03007,hard_prerequisite,verified,BC-EK-FUN-3D1 states that the chain rule is the basis for implicit differentiation.
BC-SKL-03002,BC-SKL-03020,hard_prerequisite,verified,BC-EK-FUN-3E1 derives the inverse rule from the chain rule.
BC-SKL-03002,BC-SKL-03022,hard_prerequisite,verified,BC-EK-FUN-3E2 applies the chain rule to inverse trigonometric functions.
BC-SKL-03002,BC-SKL-06019,hard_prerequisite,inferred,The chain rule supplies the factor when the upper limit of an accumulation function is a function of x.
BC-SKL-03002,BC-SKL-06047,hard_prerequisite,inferred,"Substitution reverses the chain rule, so recognising a composite and its inner derivative comes first."
BC-SKL-03002,BC-SKL-08057,supporting,inferred,Differentiating the given function often needs the chain rule.
BC-SKL-03002,BC-SKL-10043,hard_prerequisite,inferred,Successive derivatives of a composite need the chain rule.
BC-SKL-03004,BC-SKL-03005,supporting,inferred,Reading values from a graph parallels reading them from a table.
BC-SKL-03006,BC-SKL-09032,hard_prerequisite,inferred,The chain rule supplies the product of dr/dtheta with dtheta/dt; no Unit 3 skill id exists yet.
BC-SKL-03007,BC-SKL-03008,hard_prerequisite,inferred,The y factor inside a product still carries dy/dx.
BC-SKL-03007,BC-SKL-03009,hard_prerequisite,inferred,Term by term differentiation applies the single term procedure across the equation.
BC-SKL-03008,BC-SKL-03009,hard_prerequisite,inferred,Mixed terms must be handled before the equation is complete.
BC-SKL-03008,BC-SKL-03033,hard_prerequisite,verified,The second derivative of an implicit relation needs the product rule inside the implicit differentiation (sg-25:20).
BC-SKL-03009,BC-SKL-03010,hard_prerequisite,inferred,The equation must exist before dy/dx can be isolated.
BC-SKL-03009,BC-SKL-03023,hard_prerequisite,inferred,The derivation differentiates a trigonometric equation implicitly.
BC-SKL-03010,BC-SKL-03011,hard_prerequisite,inferred,An expression for dy/dx is needed before it can be evaluated.
BC-SKL-03010,BC-SKL-03012,hard_prerequisite,inferred,The numerator condition is read off the expression for dy/dx.
BC-SKL-03010,BC-SKL-03013,hard_prerequisite,inferred,The denominator condition is read off the expression for dy/dx.
BC-SKL-03010,BC-SKL-03014,hard_prerequisite,inferred,Verification reproduces the derivation and then matches the stated form.
BC-SKL-03011,BC-SKL-03034,hard_prerequisite,verified,The value of dy/dx at the point is substituted into the second derivative (sg-25:20).
BC-SKL-03014,BC-SKL-05058,hard_prerequisite,inferred,"Implicit differentiation, a Unit 3 skill not yet in data/skills.json; the topic id stands in for it."
BC-SKL-03014,BC-SKL-05061,hard_prerequisite,inferred,"Implicit differentiation, a Unit 3 skill not yet in data/skills.json; the topic id stands in for it."
BC-SKL-03015,BC-SKL-03017,hard_prerequisite,inferred,The rule must be available before it is applied.
BC-SKL-03016,BC-SKL-03017,hard_prerequisite,inferred,The matching input is located before the reciprocal is taken.
BC-SKL-03016,BC-SKL-03018,hard_prerequisite,inferred,The matching row is located before the reciprocal is taken.
BC-SKL-03016,BC-SKL-03019,hard_prerequisite,inferred,The matching point is located before the slope is read.
BC-SKL-03021,BC-SKL-03022,hard_prerequisite,inferred,The standard formula is needed before the composite version.
BC-SKL-03021,BC-SKL-03024,hard_prerequisite,inferred,Evaluation follows the formula.
BC-SKL-03021,BC-SKL-06043,supporting,inferred,Inverse trigonometric derivatives from Unit 3 give the inverse trigonometric antiderivative forms
BC-SKL-03022,BC-SKL-03025,hard_prerequisite,inferred,The composite derivative is inserted into the structural rule.
BC-SKL-03026,BC-SKL-03027,hard_prerequisite,inferred,Classification precedes rule selection.
BC-SKL-03027,BC-SKL-03028,hard_prerequisite,inferred,Rule selection precedes ordering several rules.
BC-SKL-03028,BC-SKL-04035,supporting,inferred,The numerator and denominator may need different differentiation rules; the topic id stands in for BC-SKL-03028.
BC-SKL-03030,BC-SKL-03031,hard_prerequisite,inferred,Each order builds on the one before.
BC-SKL-03030,BC-SKL-10043,hard_prerequisite,inferred,Each derivative after the first is taken from the one before it.
BC-SKL-03033,BC-SKL-03034,hard_prerequisite,inferred,The expression must exist before it is evaluated.
BC-SKL-04001,BC-SKL-04002,hard_prerequisite,inferred,The units are part of the interpretation.
BC-SKL-04001,BC-SKL-04004,hard_prerequisite,verified,The 2025 rubric scores the units of the approximation separately (sg-25:11).
BC-SKL-04001,BC-SKL-04014,hard_prerequisite,inferred,A reported contextual rate carries its units.
BC-SKL-04002,BC-SKL-04005,supporting,inferred,The sign is one element of the interpretation.
BC-SKL-04006,BC-SKL-04007,hard_prerequisite,inferred,Acceleration is the derivative of velocity.
BC-SKL-04006,BC-SKL-04009,hard_prerequisite,inferred,The sign analysis needs the velocity function.
BC-SKL-04007,BC-SKL-04010,hard_prerequisite,verified,The conclusion compares the signs of velocity and acceleration (crabbc-25:22).
BC-SKL-04008,BC-SKL-04010,hard_prerequisite,inferred,The speed question is about the size of the velocity.
BC-SKL-04009,BC-SKL-04012,hard_prerequisite,verified,The communicated analysis reports the sign of the velocity across the interval (crabbc-25:23).
BC-SKL-04011,BC-SKL-04012,hard_prerequisite,inferred,The zeros of the velocity split the interval the analysis covers.
BC-SKL-04013,BC-SKL-04014,hard_prerequisite,inferred,The quantity must be named before its rate is reported.
BC-SKL-04013,BC-SKL-04015,hard_prerequisite,inferred,Context vocabulary follows from naming the quantity.
BC-SKL-04014,BC-SKL-04016,hard_prerequisite,inferred,The rate expression must exist before its end behaviour is taken.
BC-SKL-04017,BC-SKL-04018,hard_prerequisite,inferred,The quantities must be named before they can be related.
BC-SKL-04018,BC-SKL-04019,hard_prerequisite,inferred,There must be an equation before it can be differentiated.
BC-SKL-04018,BC-SKL-04021,hard_prerequisite,inferred,The reduction acts on the relating equation.
BC-SKL-04018,BC-SKL-04026,hard_prerequisite,inferred,The missing value is computed from the relating equation.
BC-SKL-04019,BC-SKL-04020,hard_prerequisite,verified,BC-EK-CHA-3D2 names the product rule as sometimes necessary in this differentiation.
BC-SKL-04019,BC-SKL-04022,hard_prerequisite,inferred,Differentiating a curve with respect to time is the same operation on an implicit relation.
BC-SKL-04019,BC-SKL-04023,hard_prerequisite,inferred,The substitution follows the differentiation by definition.
BC-SKL-04023,BC-SKL-04024,hard_prerequisite,inferred,The values must be in place before the rate is isolated.
BC-SKL-04024,BC-SKL-04025,hard_prerequisite,inferred,The value must exist before it is interpreted.
BC-SKL-04026,BC-SKL-04024,supporting,inferred,A missing value is recovered before the substitution is completed.
BC-SKL-04027,BC-SKL-04023,hard_prerequisite,inferred,Only quantities constant in time may be substituted earlier.
BC-SKL-04028,BC-SKL-04029,hard_prerequisite,inferred,The line must exist before it is evaluated.
BC-SKL-04029,BC-SKL-04030,hard_prerequisite,inferred,The error direction is a judgement about an approximation already made.
BC-SKL-04030,BC-SKL-04031,hard_prerequisite,verified,BC-EK-CHA-3F2 ties the judgement to the behaviour of the function near the point.
BC-SKL-04030,BC-SKL-05046,supporting,inferred,"Reading a tangent line approximation against concavity, a Unit 4 idea not yet in data/skills.json; the topic id stands in for it."
BC-SKL-04030,BC-SKL-07020,supporting,inferred,"Tangent line approximation, a Unit 4 skill not yet in data/skills.json; the topic id stands in for it."
BC-SKL-04030,BC-SKL-07023,supporting,inferred,"Reading an approximation as an over or under estimate through concavity, a Unit 4 idea not yet in data/skills.json; the topic id stands in for it."
BC-SKL-04032,BC-SKL-04028,hard_prerequisite,inferred,The slope is needed before the line can be written.
BC-SKL-04033,BC-SKL-04034,supporting,inferred,Stating the rule and verifying its hypothesis are separately assessed.
BC-SKL-04033,BC-SKL-04037,hard_prerequisite,inferred,A second application requires the form to be verified again.
BC-SKL-04034,BC-SKL-04035,hard_prerequisite,verified,The 2023 rubric awards the application point only after the form point (sg-23:14).
BC-SKL-04035,BC-SKL-04036,hard_prerequisite,inferred,The new limit must be formed before it is evaluated.
BC-SKL-04038,BC-SKL-04033,supporting,verified,Continuity from differentiability supplies the numerator limit (sg-23:14).
BC-SKL-05001,BC-SKL-05002,hard_prerequisite,inferred,Prerequisite for Verify that the hypotheses hold on the given interval.
BC-SKL-05002,BC-SKL-05004,hard_prerequisite,inferred,Prerequisite for Conclude that a point with the average rate exists on the open interval.
BC-SKL-05003,BC-SKL-05004,hard_prerequisite,inferred,Prerequisite for Conclude that a point with the average rate exists on the open interval.
BC-SKL-05003,BC-SKL-05005,hard_prerequisite,inferred,Prerequisite for Solve for a value of c that the theorem provides.
BC-SKL-05003,BC-SKL-05006,hard_prerequisite,inferred,Prerequisite for Justify that a derivative takes a particular value using equal endpoint outputs.
BC-SKL-05004,BC-SKL-05006,hard_prerequisite,inferred,Prerequisite for Justify that a derivative takes a particular value using equal endpoint outputs.
BC-SKL-05007,BC-SKL-05008,hard_prerequisite,inferred,Prerequisite for Verify continuity on the closed interval before applying the theorem.
BC-SKL-05008,BC-SKL-05009,hard_prerequisite,inferred,Prerequisite for Conclude that a minimum value and a maximum value exist.
BC-SKL-05010,BC-SKL-05013,hard_prerequisite,inferred,Prerequisite for Explain why a critical point need not be a relative extremum.
BC-SKL-05010,BC-SKL-05019,hard_prerequisite,inferred,Prerequisite for Assemble the candidate relative extrema at the critical points.
BC-SKL-05010,BC-SKL-05024,hard_prerequisite,inferred,Prerequisite for Assemble the candidate list from critical points and both endpoints.
BC-SKL-05010,BC-SKL-05036,hard_prerequisite,inferred,Prerequisite for Apply the second derivative test at a critical point.
BC-SKL-05010,BC-SKL-05052,hard_prerequisite,inferred,Prerequisite for Differentiate the objective and solve for critical points.
BC-SKL-05011,BC-SKL-05019,hard_prerequisite,inferred,Prerequisite for Assemble the candidate relative extrema at the critical points.
BC-SKL-05011,BC-SKL-05024,hard_prerequisite,inferred,Prerequisite for Assemble the candidate list from critical points and both endpoints.
BC-SKL-05014,BC-SKL-05016,hard_prerequisite,inferred,Prerequisite for Build a sign chart on critical points and domain boundaries.
BC-SKL-05014,BC-SKL-07018,supporting,inferred,"Reading monotonicity from the sign of a derivative expression, the Unit 5 skill this one applies to a solution never written down."
BC-SKL-05015,BC-SKL-05041,hard_prerequisite,inferred,Prerequisite for Sketch a possible graph of a function from the graph of its derivative.
BC-SKL-05015,BC-SKL-05042,hard_prerequisite,inferred,Prerequisite for Match a named feature of a function with the corresponding feature of its derivative.
BC-SKL-05016,BC-SKL-05017,hard_prerequisite,inferred,Prerequisite for Justify increase or decrease from the sign of the named derivative.
BC-SKL-05016,BC-SKL-05018,hard_prerequisite,inferred,Prerequisite for Restrict a monotonicity conclusion to the domain of the function.
BC-SKL-05016,BC-SKL-05020,hard_prerequisite,inferred,Prerequisite for Classify a critical point from the sign change of the first derivative.
BC-SKL-05016,BC-SKL-05029,hard_prerequisite,inferred,Prerequisite for Justify an absolute extremum from the sign of the derivative across the interval.
BC-SKL-05016,BC-SKL-05047,hard_prerequisite,inferred,Prerequisite for Build a combined sign table for the first and second derivatives.
BC-SKL-05019,BC-SKL-05020,hard_prerequisite,inferred,Prerequisite for Classify a critical point from the sign change of the first derivative.
BC-SKL-05020,BC-SKL-05021,hard_prerequisite,inferred,Prerequisite for Conclude neither extremum when the derivative keeps its sign.
BC-SKL-05020,BC-SKL-05022,hard_prerequisite,inferred,Prerequisite for Write a first derivative test justification with an explicit referent.
BC-SKL-05020,BC-SKL-05023,hard_prerequisite,inferred,Prerequisite for Separate the location of a relative extremum from its value.
BC-SKL-05020,BC-SKL-05038,hard_prerequisite,inferred,Prerequisite for Extend a sole relative extremum to an absolute extremum on the interval.
BC-SKL-05020,BC-SKL-05039,hard_prerequisite,inferred,Prerequisite for Choose between the first and second derivative tests for a given presentation.
BC-SKL-05020,BC-SKL-08014,hard_prerequisite,inferred,The first derivative test from Unit 5 supplies the sign change argument for the maximum of an accumulated amount; no Unit 5 skill id exists yet.
BC-SKL-05021,BC-SKL-06023,supporting,inferred,Relative extremum reasoning from the sign of a derivative is applied to the accumulation function.
BC-SKL-05024,BC-SKL-05025,hard_prerequisite,inferred,Prerequisite for Evaluate the function at every candidate.
BC-SKL-05024,BC-SKL-05029,hard_prerequisite,inferred,Prerequisite for Justify an absolute extremum from the sign of the derivative across the interval.
BC-SKL-05025,BC-SKL-05026,hard_prerequisite,inferred,Prerequisite for Compare the candidate values and name the absolute extremum.
BC-SKL-05025,BC-SKL-05028,hard_prerequisite,inferred,Prerequisite for Write a global justification covering every candidate.
BC-SKL-05026,BC-SKL-05027,hard_prerequisite,inferred,Prerequisite for Report the extreme value rather than only its location.
BC-SKL-05026,BC-SKL-05028,hard_prerequisite,inferred,Prerequisite for Write a global justification covering every candidate.
BC-SKL-05026,BC-SKL-08014,hard_prerequisite,inferred,The global justification compares the amount at every candidate.
BC-SKL-05028,BC-SKL-05053,hard_prerequisite,inferred,Prerequisite for Verify that the critical point gives the required extremum on the domain.
BC-SKL-05028,BC-SKL-05056,hard_prerequisite,inferred,Prerequisite for Check the optimum against the endpoints of the contextual domain.
BC-SKL-05028,BC-SKL-08014,hard_prerequisite,inferred,The candidates test from Unit 5 supplies the global argument required by the 2025 scoring guideline; no Unit 5 skill id exists yet
BC-SKL-05028,BC-SKL-09034,hard_prerequisite,inferred,The candidates test supplies the global argument the 2025 guideline required; no Unit 5 skill id exists yet
BC-SKL-05029,BC-SKL-06026,supporting,inferred,The candidates test for an absolute extremum on a closed interval is a Unit 5 procedure.
BC-SKL-05030,BC-SKL-05036,hard_prerequisite,inferred,Prerequisite for Apply the second derivative test at a critical point.
BC-SKL-05030,BC-SKL-05047,hard_prerequisite,inferred,Prerequisite for Build a combined sign table for the first and second derivatives.
BC-SKL-05030,BC-SKL-07018,supporting,inferred,"Reading concavity from the sign of a second derivative, the Unit 5 skill this one applies to a solution never written down."
BC-SKL-05030,BC-SKL-09010,hard_prerequisite,inferred,Concavity is read from the sign of a second derivative.
BC-SKL-05031,BC-SKL-05033,hard_prerequisite,inferred,Prerequisite for Confirm a point of inflection by a sign change of the second derivative.
BC-SKL-05031,BC-SKL-05041,hard_prerequisite,inferred,Prerequisite for Sketch a possible graph of a function from the graph of its derivative.
BC-SKL-05031,BC-SKL-05042,hard_prerequisite,inferred,Prerequisite for Match a named feature of a function with the corresponding feature of its derivative.
BC-SKL-05031,BC-SKL-05046,hard_prerequisite,inferred,Prerequisite for Translate a statement about the second derivative into a statement about shape.
BC-SKL-05032,BC-SKL-05033,hard_prerequisite,inferred,Prerequisite for Confirm a point of inflection by a sign change of the second derivative.
BC-SKL-05033,BC-SKL-05034,hard_prerequisite,inferred,Prerequisite for Reject a candidate where the second derivative is zero without a sign change.
BC-SKL-05033,BC-SKL-05035,hard_prerequisite,inferred,Prerequisite for Tie a concavity or inflection reason to the representation that was given.
BC-SKL-05033,BC-SKL-05043,hard_prerequisite,inferred,Prerequisite for Place extrema and points of inflection consistently on a sketch.
BC-SKL-05036,BC-SKL-05037,hard_prerequisite,inferred,Prerequisite for State the inconclusive case of the second derivative test.
BC-SKL-05036,BC-SKL-05038,hard_prerequisite,inferred,Prerequisite for Extend a sole relative extremum to an absolute extremum on the interval.
BC-SKL-05036,BC-SKL-05039,hard_prerequisite,inferred,Prerequisite for Choose between the first and second derivative tests for a given presentation.
BC-SKL-05036,BC-SKL-05063,hard_prerequisite,inferred,Prerequisite for Classify a critical point of an implicit relation using the second derivative.
BC-SKL-05038,BC-SKL-05053,hard_prerequisite,inferred,Prerequisite for Verify that the critical point gives the required extremum on the domain.
BC-SKL-05041,BC-SKL-05043,hard_prerequisite,inferred,Prerequisite for Place extrema and points of inflection consistently on a sketch.
BC-SKL-05041,BC-SKL-05044,hard_prerequisite,inferred,Prerequisite for Recognise the vertical shift ambiguity when a curve is drawn from its derivative.
BC-SKL-05042,BC-SKL-05045,hard_prerequisite,inferred,"Prerequisite for Identify which of several graphs is the function, the derivative, and the second derivative."
BC-SKL-05046,BC-SKL-07023,supporting,inferred,"Translating a second derivative statement into a statement about shape, the Unit 5 skill behind the direction of an Euler error."
BC-SKL-05047,BC-SKL-05048,hard_prerequisite,inferred,Prerequisite for Answer a question about a function from tabulated derivative values.
BC-SKL-05049,BC-SKL-05050,hard_prerequisite,inferred,Prerequisite for Use the constraint to write the objective as a function of one variable.
BC-SKL-05050,BC-SKL-05051,hard_prerequisite,inferred,Prerequisite for Determine the domain of the objective from the context.
BC-SKL-05050,BC-SKL-05052,hard_prerequisite,inferred,Prerequisite for Differentiate the objective and solve for critical points.
BC-SKL-05051,BC-SKL-05056,hard_prerequisite,inferred,Prerequisite for Check the optimum against the endpoints of the contextual domain.
BC-SKL-05052,BC-SKL-05053,hard_prerequisite,inferred,Prerequisite for Verify that the critical point gives the required extremum on the domain.
BC-SKL-05052,BC-SKL-07042,hard_prerequisite,inferred,"Differentiating an objective and solving for critical points, the Unit 5 skill that maximises the logistic rate."
BC-SKL-05053,BC-SKL-05054,hard_prerequisite,inferred,Prerequisite for Report the optimal value with its units and the input where it occurs.
BC-SKL-05054,BC-SKL-05055,hard_prerequisite,inferred,Prerequisite for Interpret the optimal value as a statement about the situation.
BC-SKL-05054,BC-SKL-05057,hard_prerequisite,inferred,Prerequisite for Answer the question asked in an applied optimisation.
BC-SKL-05058,BC-SKL-05060,hard_prerequisite,inferred,Prerequisite for Solve the defining relation and the derived condition together.
BC-SKL-05059,BC-SKL-05060,hard_prerequisite,inferred,Prerequisite for Solve the defining relation and the derived condition together.
BC-SKL-05061,BC-SKL-05062,hard_prerequisite,inferred,Prerequisite for Substitute the derivative expression to evaluate a second derivative at a point.
BC-SKL-05062,BC-SKL-05063,hard_prerequisite,inferred,Prerequisite for Classify a critical point of an implicit relation using the second derivative.
BC-SKL-06005,BC-SKL-06010,hard_prerequisite,inferred,Prerequisite for Justify whether a Riemann sum under or over estimates using monotonicity.
BC-SKL-06006,BC-SKL-06010,hard_prerequisite,inferred,Prerequisite for Justify whether a Riemann sum under or over estimates using monotonicity.
BC-SKL-06008,BC-SKL-06011,hard_prerequisite,inferred,Prerequisite for Justify whether a trapezoidal or midpoint sum under or over estimates using concavity.
BC-SKL-06012,BC-SKL-06014,hard_prerequisite,inferred,Prerequisite for Convert the limit of a Riemann sum into a definite integral.
BC-SKL-06013,BC-SKL-06015,hard_prerequisite,inferred,Prerequisite for Express a definite integral as the limit of a Riemann sum.
BC-SKL-06017,BC-SKL-06018,hard_prerequisite,inferred,Prerequisite for Differentiate an accumulation function with a variable upper limit.
BC-SKL-06018,BC-SKL-06019,hard_prerequisite,inferred,Prerequisite for Differentiate an accumulation function whose upper limit is a function of x.
BC-SKL-06018,BC-SKL-06022,hard_prerequisite,inferred,Prerequisite for Determine where an accumulation function increases or decreases from the sign of the integrand.
BC-SKL-06018,BC-SKL-06023,hard_prerequisite,inferred,Prerequisite for Locate relative extrema of an accumulation function from sign changes of the integrand.
BC-SKL-06018,BC-SKL-06024,hard_prerequisite,inferred,Prerequisite for Locate points of inflection of an accumulation function from turning points of the integrand.
BC-SKL-06018,BC-SKL-06025,hard_prerequisite,inferred,Prerequisite for Determine the concavity of an accumulation function from the monotonicity of the integrand.
BC-SKL-06020,BC-SKL-06026,hard_prerequisite,inferred,Prerequisite for Determine an absolute extreme value of an accumulation function with a global argument.
BC-SKL-06021,BC-SKL-05010,supporting,inferred,"The Fundamental Theorem of Calculus supplies the derivative when the function is an accumulation, which is how BC-QA-05007 presents it."
BC-SKL-06022,BC-SKL-06023,hard_prerequisite,inferred,Prerequisite for Locate relative extrema of an accumulation function from sign changes of the integrand.
BC-SKL-06022,BC-SKL-06027,hard_prerequisite,inferred,Prerequisite for Describe the graph of an accumulation function from the graph of the integrand.
BC-SKL-06023,BC-SKL-05020,supporting,inferred,The Unit 6 record for applying the first derivative test to an accumulation function depends on this skill and is recorded there.
BC-SKL-06023,BC-SKL-06026,hard_prerequisite,inferred,Prerequisite for Determine an absolute extreme value of an accumulation function with a global argument.
BC-SKL-06024,BC-SKL-06027,hard_prerequisite,inferred,Prerequisite for Describe the graph of an accumulation function from the graph of the integrand.
BC-SKL-06025,BC-SKL-05033,supporting,inferred,The Unit 6 record for concavity of an accumulation function depends on this skill and is recorded there.
BC-SKL-06025,BC-SKL-06027,hard_prerequisite,inferred,Prerequisite for Describe the graph of an accumulation function from the graph of the integrand.
BC-SKL-06026,BC-SKL-05028,supporting,inferred,The Unit 6 record for the candidates test on an accumulation function depends on this skill and is recorded there.
BC-SKL-06028,BC-SKL-06020,hard_prerequisite,inferred,Prerequisite for Evaluate an accumulation function at a specified input from the graph of the integrand.
BC-SKL-06028,BC-SKL-08002,hard_prerequisite,verified,Evaluating a definite integral from a graph by geometry supports the average value from a graph.
BC-SKL-06028,BC-SKL-08019,hard_prerequisite,inferred,Area between curves is a definite integral evaluated by geometry or antidifferentiation
BC-SKL-06028,BC-SKL-09035,hard_prerequisite,inferred,Area bounded by a polar curve is a definite integral of one half r squared.
BC-SKL-06031,BC-SKL-06033,hard_prerequisite,inferred,Prerequisite for Evaluate a definite integral of a function with a removable or jump discontinuity.
BC-SKL-06031,BC-SKL-06070,hard_prerequisite,inferred,Prerequisite for Split an improper integral that is improper at more than one place.
BC-SKL-06031,BC-SKL-08008,hard_prerequisite,inferred,Summing over subintervals uses the adjacent interval property.
BC-SKL-06034,BC-SKL-06036,hard_prerequisite,inferred,Prerequisite for Compute net change in a quantity from its rate over an interval.
BC-SKL-06034,BC-SKL-06038,hard_prerequisite,inferred,Prerequisite for Compute the average value of a function on an interval.
BC-SKL-06034,BC-SKL-06060,hard_prerequisite,inferred,Prerequisite for Evaluate a definite integral using integration by parts.
BC-SKL-06034,BC-SKL-06065,hard_prerequisite,inferred,Prerequisite for Evaluate a definite integral of a rational function by partial fractions.
BC-SKL-06034,BC-SKL-06068,hard_prerequisite,inferred,Prerequisite for Evaluate the limit to determine the value of a convergent improper integral.
BC-SKL-06034,BC-SKL-07025,hard_prerequisite,inferred,"Evaluating an antiderivative, the Unit 6 skill both sides of a separated equation need."
BC-SKL-06034,BC-SKL-08001,hard_prerequisite,verified,Evaluating a definite integral by antidifferentiation and endpoint substitution underlies the average value computation.
BC-SKL-06034,BC-SKL-08017,hard_prerequisite,inferred,The accumulation integral is evaluated by antidifferentiation and endpoint substitution.
BC-SKL-06034,BC-SKL-08022,hard_prerequisite,verified,Evaluating a definite integral with the Fundamental Theorem of Calculus underlies every area and volume evaluation in this unit.
BC-SKL-06034,BC-SKL-08035,hard_prerequisite,inferred,The expanded cross section integrand is antidifferentiated and evaluated at the endpoints.
BC-SKL-06034,BC-SKL-08039,hard_prerequisite,inferred,The named cross section integral is antidifferentiated and evaluated at the endpoints.
BC-SKL-06034,BC-SKL-08043,hard_prerequisite,inferred,The disc integral is antidifferentiated and evaluated at the endpoints.
BC-SKL-06034,BC-SKL-08057,hard_prerequisite,inferred,Arc length of a planar curve is a definite integral.
BC-SKL-06034,BC-SKL-08059,supporting,verified,Arc length integrals are definite integrals evaluated by the Fundamental Theorem of Calculus or with technology.
BC-SKL-06034,BC-SKL-09011,hard_prerequisite,inferred,"Arc length of a parametric curve requires evaluating a definite integral, usually with technology"
BC-SKL-06034,BC-SKL-09038,hard_prerequisite,inferred,A polar area integral done by hand is antidifferentiated and evaluated at the endpoints.
BC-SKL-06034,BC-SKL-10016,hard_prerequisite,inferred,The integral is antidifferentiated and evaluated between the lower limit and the variable bound.
BC-SKL-06034,BC-TOP-0706,hard_prerequisite,inferred,Separation of variables integrates both sides; Unit 7 skills do not exist yet so the topic id stands in; unmapped
BC-SKL-06034,BC-TOP-0807,hard_prerequisite,inferred,Volumes by cross sections and by revolution are definite integrals evaluated with the Fundamental Theorem of Calculus; unmapped
BC-SKL-06036,BC-SKL-06037,hard_prerequisite,inferred,Prerequisite for Compute a final value from an initial condition and an accumulated change.
BC-SKL-06036,BC-SKL-06039,hard_prerequisite,inferred,Prerequisite for Set up a single definite integral for a rate in minus rate out situation.
BC-SKL-06036,BC-SKL-08004,hard_prerequisite,inferred,Average value and net change open every Unit 8 application.
BC-SKL-06036,BC-SKL-08006,hard_prerequisite,verified,Computing net change from a rate over an interval is the displacement integral in the motion setting.
BC-SKL-06037,BC-SKL-08009,hard_prerequisite,verified,A position value from an initial position is the Unit 6 initial condition skill in the motion setting.
BC-SKL-06037,BC-SKL-08012,hard_prerequisite,verified,Computing a final value from an initial condition and an accumulated change is the Unit 6 form of this applied accumulation skill.
BC-SKL-06037,BC-SKL-09021,hard_prerequisite,verified,Computing a final value from an initial condition and an accumulated change is the Unit 6 form of this skill.
BC-SKL-06038,BC-SKL-08001,hard_prerequisite,verified,The Unit 6 average value skill is the same computation introduced with accumulation.
BC-SKL-06040,BC-SKL-06034,hard_prerequisite,inferred,Prerequisite for Evaluate a definite integral by antidifferentiation and endpoint substitution.
BC-SKL-06040,BC-SKL-06044,hard_prerequisite,inferred,Prerequisite for Include the constant of integration and determine it from an initial condition.
BC-SKL-06040,BC-SKL-06055,hard_prerequisite,inferred,Prerequisite for Rewrite an integrand by splitting or expanding before antidifferentiating.
BC-SKL-06040,BC-SKL-06057,hard_prerequisite,inferred,Prerequisite for Choose u and dv for an integration by parts.
BC-SKL-06042,BC-SKL-06057,hard_prerequisite,inferred,Prerequisite for Choose u and dv for an integration by parts.
BC-SKL-06043,BC-SKL-06054,hard_prerequisite,inferred,Prerequisite for Complete the square in a quadratic denominator to reach a standard form.
BC-SKL-06044,BC-SKL-07029,hard_prerequisite,inferred,"Determining the constant of integration from an initial condition, recorded in Unit 6."
BC-SKL-06044,BC-SKL-07032,hard_prerequisite,inferred,Prerequisite for Write a particular solution as an accumulation function.
BC-SKL-06046,BC-SKL-06074,hard_prerequisite,inferred,Prerequisite for Recognise when no elementary technique applies and use an integral or numerical representation.
BC-SKL-06047,BC-SKL-06048,hard_prerequisite,inferred,Prerequisite for Convert the differential and adjust the constant when substituting.
BC-SKL-06047,BC-SKL-06052,hard_prerequisite,inferred,Prerequisite for Apply substitution to an integrand that antidifferentiates to a logarithm.
BC-SKL-06047,BC-SKL-06054,hard_prerequisite,inferred,Prerequisite for Complete the square in a quadratic denominator to reach a standard form.
BC-SKL-06047,BC-SKL-06056,hard_prerequisite,inferred,Prerequisite for Decide between rearrangement and substitution for a rational integrand.
BC-SKL-06047,BC-SKL-06071,hard_prerequisite,inferred,Prerequisite for Classify an integrand to select an antidifferentiation technique.
BC-SKL-06047,BC-SKL-07024,hard_prerequisite,inferred,Separation of variables usually requires a substitution on one side
BC-SKL-06047,BC-SKL-07025,supporting,inferred,"Antidifferentiation by substitution, needed when the independent side of a separated equation is a composite."
BC-SKL-06047,BC-SKL-08035,supporting,inferred,Substitution is often the antidifferentiation route for an expanded squared difference.
BC-SKL-06047,BC-SKL-08057,supporting,inferred,Arc length integrands are sometimes reduced by a substitution.
BC-SKL-06047,BC-SKL-09011,supporting,inferred,Parametric arc length integrands sometimes reduce under a substitution.
BC-SKL-06047,BC-SKL-09038,supporting,inferred,Polar area integrands are often rewritten by substitution before antidifferentiation.
BC-SKL-06047,BC-SKL-10069,hard_prerequisite,inferred,Representing a function as a power series by term by term integration relies on substitution and basic antiderivatives
BC-SKL-06048,BC-SKL-06049,hard_prerequisite,inferred,Prerequisite for Back-substitute to express an indefinite integral in the original variable.
BC-SKL-06048,BC-SKL-06050,hard_prerequisite,inferred,Prerequisite for Change the limits of integration when substituting in a definite integral.
BC-SKL-06048,BC-SKL-06052,hard_prerequisite,inferred,Prerequisite for Apply substitution to an integrand that antidifferentiates to a logarithm.
BC-SKL-06049,BC-SKL-06051,hard_prerequisite,inferred,Prerequisite for Evaluate a definite integral by substitution with back-substitution before the limits are used.
BC-SKL-06050,BC-SKL-06051,hard_prerequisite,inferred,Prerequisite for Evaluate a definite integral by substitution with back-substitution before the limits are used.
BC-SKL-06050,BC-SKL-08022,supporting,inferred,Area integrands often need a substitution with the limits changed.
BC-SKL-06052,BC-SKL-06064,hard_prerequisite,inferred,Prerequisite for Antidifferentiate a linear partial fraction decomposition.
BC-SKL-06053,BC-SKL-06056,hard_prerequisite,inferred,Prerequisite for Decide between rearrangement and substitution for a rational integrand.
BC-SKL-06053,BC-SKL-06071,hard_prerequisite,inferred,Prerequisite for Classify an integrand to select an antidifferentiation technique.
BC-SKL-06054,BC-SKL-06056,hard_prerequisite,inferred,Prerequisite for Decide between rearrangement and substitution for a rational integrand.
BC-SKL-06057,BC-SKL-06058,hard_prerequisite,inferred,Prerequisite for Apply the integration by parts formula.
BC-SKL-06057,BC-SKL-06071,hard_prerequisite,inferred,Prerequisite for Classify an integrand to select an antidifferentiation technique.
BC-SKL-06058,BC-SKL-06059,hard_prerequisite,inferred,Prerequisite for Apply integration by parts more than once.
BC-SKL-06058,BC-SKL-06060,hard_prerequisite,inferred,Prerequisite for Evaluate a definite integral using integration by parts.
BC-SKL-06058,BC-SKL-06061,hard_prerequisite,inferred,Prerequisite for Apply integration by parts to an integrand containing an unknown function and its derivative.
BC-SKL-06058,BC-SKL-06073,hard_prerequisite,inferred,Prerequisite for Chain two antidifferentiation techniques in one problem.
BC-SKL-06062,BC-SKL-06063,hard_prerequisite,inferred,Prerequisite for Solve for the constants in a linear partial fraction decomposition.
BC-SKL-06062,BC-SKL-06071,hard_prerequisite,inferred,Prerequisite for Classify an integrand to select an antidifferentiation technique.
BC-SKL-06063,BC-SKL-06064,hard_prerequisite,inferred,Prerequisite for Antidifferentiate a linear partial fraction decomposition.
BC-SKL-06064,BC-SKL-06065,hard_prerequisite,inferred,Prerequisite for Evaluate a definite integral of a rational function by partial fractions.
BC-SKL-06064,BC-SKL-06073,hard_prerequisite,inferred,Prerequisite for Chain two antidifferentiation techniques in one problem.
BC-SKL-06064,BC-SKL-07043,hard_prerequisite,inferred,The logistic model is integrated through a linear partial fraction decomposition.
BC-SKL-06066,BC-SKL-06067,hard_prerequisite,inferred,Prerequisite for Rewrite an improper integral as a limit of definite integrals.
BC-SKL-06066,BC-SKL-06070,hard_prerequisite,inferred,Prerequisite for Split an improper integral that is improper at more than one place.
BC-SKL-06066,BC-SKL-06071,hard_prerequisite,inferred,Prerequisite for Classify an integrand to select an antidifferentiation technique.
BC-SKL-06067,BC-SKL-06068,hard_prerequisite,inferred,Prerequisite for Evaluate the limit to determine the value of a convergent improper integral.
BC-SKL-06067,BC-SKL-06069,hard_prerequisite,inferred,Prerequisite for Conclude that an improper integral diverges.
BC-SKL-06067,BC-SKL-10015,hard_prerequisite,inferred,The matching integral is improper and is written with limit notation.
BC-SKL-06067,BC-SKL-10015,supporting,inferred,The integral test compares a series with an improper integral.
BC-SKL-06068,BC-SKL-10016,hard_prerequisite,inferred,The value comes from taking the limit of that expression.
BC-SKL-06069,BC-SKL-10017,supporting,inferred,A divergent improper integral is the divergence side of the conclusion.
BC-SKL-06071,BC-SKL-06072,hard_prerequisite,inferred,Prerequisite for Rule out a technique whose structural precondition is absent.
BC-SKL-06071,BC-SKL-06073,hard_prerequisite,inferred,Prerequisite for Chain two antidifferentiation techniques in one problem.
BC-SKL-06071,BC-SKL-06074,hard_prerequisite,inferred,Prerequisite for Recognise when no elementary technique applies and use an integral or numerical representation.
BC-SKL-07001,BC-SKL-07034,hard_prerequisite,inferred,Prerequisite for Write the exponential model from a proportionality statement.
BC-SKL-07001,BC-SKL-07039,hard_prerequisite,inferred,Prerequisite for Write the logistic equation from a joint proportionality statement.
BC-SKL-07003,BC-SKL-07037,hard_prerequisite,inferred,Prerequisite for Interpret the sign and size of the constant in context.
BC-SKL-07003,BC-SKL-07043,hard_prerequisite,inferred,Prerequisite for Interpret a logistic model in context.
BC-SKL-07004,BC-SKL-07029,hard_prerequisite,inferred,Prerequisite for Substitute the initial condition to evaluate the constant of integration.
BC-SKL-07004,BC-SKL-07032,hard_prerequisite,inferred,Prerequisite for Write a particular solution as an accumulation function.
BC-SKL-07006,BC-SKL-07007,hard_prerequisite,inferred,Prerequisite for Confirm that a proposed solution satisfies the initial condition.
BC-SKL-07006,BC-SKL-07008,hard_prerequisite,inferred,Prerequisite for Show that a proposed function is not a solution.
BC-SKL-07006,BC-SKL-07009,hard_prerequisite,inferred,Prerequisite for State that a differential equation may have infinitely many solutions.
BC-SKL-07009,BC-SKL-07033,hard_prerequisite,inferred,Prerequisite for Distinguish the general solution family from the particular solution.
BC-SKL-07010,BC-SKL-07011,hard_prerequisite,inferred,Prerequisite for Draw the segments of a slope field at given lattice points.
BC-SKL-07010,BC-SKL-07012,hard_prerequisite,inferred,Prerequisite for Identify where the slope field is horizontal.
BC-SKL-07010,BC-SKL-07013,hard_prerequisite,inferred,Prerequisite for Describe how a field depends on only one of the variables.
BC-SKL-07010,BC-SKL-07016,hard_prerequisite,inferred,Prerequisite for Match a slope field to a differential equation.
BC-SKL-07010,BC-SKL-07018,hard_prerequisite,inferred,Prerequisite for Read monotonicity and concavity of a solution from the equation or the field.
BC-SKL-07010,BC-SKL-07020,hard_prerequisite,inferred,Prerequisite for Execute the first Euler step from the initial condition.
BC-SKL-07012,BC-SKL-07015,hard_prerequisite,inferred,Prerequisite for Keep a sketched curve on the correct side of an equilibrium level.
BC-SKL-07012,BC-SKL-07017,hard_prerequisite,inferred,Prerequisite for Describe the long-run behaviour of a solution from the field.
BC-SKL-07013,BC-SKL-07016,hard_prerequisite,inferred,Prerequisite for Match a slope field to a differential equation.
BC-SKL-07014,BC-SKL-07015,hard_prerequisite,inferred,Prerequisite for Keep a sketched curve on the correct side of an equilibrium level.
BC-SKL-07014,BC-SKL-07017,hard_prerequisite,inferred,Prerequisite for Describe the long-run behaviour of a solution from the field.
BC-SKL-07017,BC-SKL-07041,hard_prerequisite,inferred,Prerequisite for Determine the limiting value without solving the equation.
BC-SKL-07018,BC-SKL-07023,hard_prerequisite,inferred,Prerequisite for Decide the direction of the Euler error from concavity.
BC-SKL-07018,BC-SKL-10044,supporting,inferred,The second derivative of a solution is the quadratic coefficient of a Taylor polynomial; the topic id stands in for the Unit 10 skill
BC-SKL-07019,BC-SKL-07020,hard_prerequisite,inferred,Prerequisite for Execute the first Euler step from the initial condition.
BC-SKL-07020,BC-SKL-07021,hard_prerequisite,inferred,Prerequisite for Use the previous approximation as the input for the next step.
BC-SKL-07020,BC-SKL-07023,hard_prerequisite,inferred,Prerequisite for Decide the direction of the Euler error from concavity.
BC-SKL-07021,BC-SKL-07022,hard_prerequisite,inferred,Prerequisite for Lay out the computation as a labelled step table.
BC-SKL-07024,BC-SKL-07025,hard_prerequisite,inferred,Prerequisite for Antidifferentiate both sides of the separated equation.
BC-SKL-07024,BC-SKL-07028,hard_prerequisite,inferred,Prerequisite for Recognise when a differential equation is not separable.
BC-SKL-07025,BC-SKL-07026,hard_prerequisite,inferred,Prerequisite for Include a single constant of integration.
BC-SKL-07026,BC-SKL-07027,hard_prerequisite,inferred,Prerequisite for Solve the resulting equation for the dependent variable.
BC-SKL-07026,BC-SKL-07029,hard_prerequisite,inferred,Prerequisite for Substitute the initial condition to evaluate the constant of integration.
BC-SKL-07027,BC-SKL-07031,hard_prerequisite,inferred,Prerequisite for State the domain restriction the initial condition selects.
BC-SKL-07027,BC-SKL-07035,hard_prerequisite,inferred,Prerequisite for Produce the exponential solution from the model and the initial value.
BC-SKL-07029,BC-SKL-07030,hard_prerequisite,inferred,Prerequisite for Resolve an absolute value or a sign ambiguity from the initial condition.
BC-SKL-07029,BC-SKL-07033,hard_prerequisite,inferred,Prerequisite for Distinguish the general solution family from the particular solution.
BC-SKL-07029,BC-SKL-07035,hard_prerequisite,inferred,Prerequisite for Produce the exponential solution from the model and the initial value.
BC-SKL-07029,BC-SKL-07038,hard_prerequisite,inferred,Prerequisite for Apply a differential equation model to motion along a line.
BC-SKL-07032,BC-SKL-07038,hard_prerequisite,inferred,Prerequisite for Apply a differential equation model to motion along a line.
BC-SKL-07032,BC-SKL-09018,supporting,inferred,A particular solution in accumulation form is how a parametric motion question recovers a coordinate; the topic id stands in for the Unit 9 skill
BC-SKL-07034,BC-SKL-07035,hard_prerequisite,inferred,Prerequisite for Produce the exponential solution from the model and the initial value.
BC-SKL-07035,BC-SKL-07036,hard_prerequisite,inferred,Prerequisite for Determine the constant of proportionality from a second data pair.
BC-SKL-07036,BC-SKL-07037,hard_prerequisite,inferred,Prerequisite for Interpret the sign and size of the constant in context.
BC-SKL-07038,BC-TOP-0802,supporting,inferred,Motion along a line solved from a differential equation feeds the Unit 8 treatment of motion as accumulation; the topic id stands in for the Unit 8 skill; unmapped
BC-SKL-07039,BC-SKL-07040,hard_prerequisite,inferred,Prerequisite for Identify the carrying capacity from the form of the equation.
BC-SKL-07040,BC-SKL-07041,hard_prerequisite,inferred,Prerequisite for Determine the limiting value without solving the equation.
BC-SKL-07040,BC-SKL-07042,hard_prerequisite,inferred,Prerequisite for Determine the value at which the quantity changes fastest.
BC-SKL-07041,BC-SKL-07043,hard_prerequisite,inferred,Prerequisite for Interpret a logistic model in context.
BC-SKL-07042,BC-SKL-07043,hard_prerequisite,inferred,Prerequisite for Interpret a logistic model in context.
BC-SKL-08001,BC-SKL-08002,supporting,inferred,The graph route evaluates the same quotient with area in place of an antiderivative.
BC-SKL-08001,BC-SKL-08003,hard_prerequisite,inferred,The calculator presentation shows the quotient the formula defines.
BC-SKL-08001,BC-SKL-08004,hard_prerequisite,inferred,Telling the two averages apart needs the integral quotient in hand.
BC-SKL-08001,BC-SKL-08005,supporting,inferred,Units of the average follow from the integrand in the formula.
BC-SKL-08006,BC-SKL-08007,hard_prerequisite,inferred,Total distance is the displacement integral with the integrand replaced by speed.
BC-SKL-08006,BC-SKL-08009,hard_prerequisite,inferred,Position accumulates the displacement integral onto the initial value.
BC-SKL-08006,BC-SKL-08011,hard_prerequisite,inferred,Choosing the integrand requires knowing the displacement integral.
BC-SKL-08006,BC-SKL-09020,hard_prerequisite,verified,Displacement as the integral of velocity is the rectilinear skill applied componentwise.
BC-SKL-08007,BC-SKL-08008,hard_prerequisite,inferred,Splitting at the sign changes is how the speed integral is evaluated by hand.
BC-SKL-08007,BC-SKL-08011,hard_prerequisite,inferred,Choosing the integrand requires knowing the total distance integral.
BC-SKL-08007,BC-SKL-09025,hard_prerequisite,verified,Total distance as the integral of speed is the rectilinear skill transported to planar motion.
BC-SKL-08009,BC-SKL-08010,supporting,inferred,The velocity from acceleration accumulation repeats the position pattern one derivative down.
BC-SKL-08009,BC-SKL-08012,supporting,inferred,The applied accumulation is the motion accumulation with a general rate.
BC-SKL-08009,BC-SKL-09026,hard_prerequisite,verified,A position value from an initial position is the rectilinear skill applied componentwise.
BC-SKL-08012,BC-SKL-08014,hard_prerequisite,inferred,Evaluating the amount at every candidate needs the accumulation expression.
BC-SKL-08012,BC-SKL-08015,supporting,inferred,Interpreting the integral draws on the accumulation reading of it.
BC-SKL-08013,BC-SKL-08014,hard_prerequisite,inferred,The candidate times come from setting the net rate equal to zero.
BC-SKL-08013,BC-SKL-08016,supporting,inferred,Many applied prompts ask for the net of an inflow and an outflow.
BC-SKL-08015,BC-SKL-08017,supporting,inferred,Reporting in context reuses the quantity and units reading.
BC-SKL-08016,BC-SKL-08017,hard_prerequisite,inferred,The integral must be written before it can be evaluated and reported.
BC-SKL-08018,BC-SKL-08019,hard_prerequisite,inferred,The order of subtraction is fixed by which curve is upper.
BC-SKL-08018,BC-SKL-08028,hard_prerequisite,inferred,Fixing the order on each subinterval is the upper curve test repeated.
BC-SKL-08018,BC-SKL-08031,hard_prerequisite,inferred,The cross section side is a difference taken in the order the upper curve sets.
BC-SKL-08019,BC-SKL-08022,hard_prerequisite,inferred,The area integral must be set up before it is evaluated.
BC-SKL-08019,BC-SKL-08025,hard_prerequisite,inferred,The y integral mirrors the upper minus lower setup in x.
BC-SKL-08019,BC-SKL-08026,hard_prerequisite,inferred,Choosing the variable means comparing the x setup against the y setup.
BC-SKL-08019,BC-SKL-08029,hard_prerequisite,inferred,Each summand is a single upper minus lower area integral.
BC-SKL-08019,BC-SKL-08030,hard_prerequisite,inferred,The absolute value integrand is the difference the area setup already uses.
BC-SKL-08019,BC-SKL-08031,supporting,inferred,The side reuses the difference of boundary functions from the area setup.
BC-SKL-08019,BC-SKL-08048,hard_prerequisite,inferred,Deciding which curve is farther repeats the upper curve comparison.
BC-SKL-08019,BC-SKL-08049,hard_prerequisite,inferred,The region revolved is the area between curves region.
BC-SKL-08019,BC-SKL-09041,supporting,inferred,Setting up an area as a difference of boundary curves is the Cartesian form of the polar area between curves.
BC-SKL-08020,BC-SKL-08019,hard_prerequisite,inferred,The limits of the area integral are the intersection inputs.
BC-SKL-08020,BC-SKL-08021,supporting,inferred,The calculator solve replaces the algebraic solve for the same limits.
BC-SKL-08020,BC-SKL-08027,hard_prerequisite,inferred,Locating every intersection extends the two point intersection solve.
BC-SKL-08021,BC-SKL-08019,supporting,inferred,Stored calculator solutions serve as the limits when exact ones are unavailable.
BC-SKL-08022,BC-SKL-08029,supporting,inferred,The pieces are evaluated the way a single area integral is.
BC-SKL-08023,BC-SKL-08024,hard_prerequisite,inferred,Comparing x values requires both curves written in y.
BC-SKL-08023,BC-SKL-08025,hard_prerequisite,inferred,The integrand in y needs both curves solved for x.
BC-SKL-08023,BC-SKL-08042,hard_prerequisite,inferred,Revolving about the y axis needs the curve as a function of y.
BC-SKL-08023,BC-SKL-08045,hard_prerequisite,inferred,Distance to a vertical line needs the curve expressed in y.
BC-SKL-08023,BC-SKL-08050,hard_prerequisite,inferred,Both boundaries must be written as functions of y.
BC-SKL-08024,BC-SKL-08025,hard_prerequisite,inferred,The order right minus left is fixed by which curve gives the larger x.
BC-SKL-08025,BC-SKL-08026,hard_prerequisite,inferred,Choosing the variable means comparing the y setup against the x setup.
BC-SKL-08026,BC-SKL-08034,hard_prerequisite,inferred,Selecting the variable of slicing is the same decision as choosing the variable of integration.
BC-SKL-08027,BC-SKL-08028,hard_prerequisite,inferred,The subintervals to test are the ones the ordered intersections define.
BC-SKL-08028,BC-SKL-08029,hard_prerequisite,inferred,Each summand is written from the order found on its subinterval.
BC-SKL-08029,BC-SKL-08030,supporting,inferred,The single absolute value integral replaces the sum over subintervals.
BC-SKL-08031,BC-SKL-08032,hard_prerequisite,inferred,The square of the side is the area of the square cross section.
BC-SKL-08031,BC-SKL-08033,hard_prerequisite,inferred,One dimension of the rectangle is the distance between the curves.
BC-SKL-08031,BC-SKL-08036,hard_prerequisite,inferred,The equilateral area is written from the distance between the curves.
BC-SKL-08031,BC-SKL-08037,hard_prerequisite,inferred,The leg or hypotenuse is the distance between the curves.
BC-SKL-08031,BC-SKL-08038,hard_prerequisite,inferred,The diameter is the distance between the curves.
BC-SKL-08031,BC-SKL-08040,hard_prerequisite,inferred,The radius is a distance between two boundaries read the same way.
BC-SKL-08032,BC-SKL-08035,hard_prerequisite,inferred,The integral to evaluate is the one the square cross section produced.
BC-SKL-08032,BC-SKL-08041,supporting,inferred,The disc integral is a cross section integral with a circular area.
BC-SKL-08033,BC-SKL-08035,hard_prerequisite,inferred,The integral to evaluate is the one the rectangular cross section produced.
BC-SKL-08035,BC-SKL-08039,supporting,inferred,Evaluation repeats the square cross section evaluation.
BC-SKL-08036,BC-SKL-08039,hard_prerequisite,inferred,The integrand is the equilateral area formula.
BC-SKL-08037,BC-SKL-08039,hard_prerequisite,inferred,The integrand is the right isosceles area formula.
BC-SKL-08038,BC-SKL-08039,hard_prerequisite,inferred,The integrand is the semicircular area formula.
BC-SKL-08040,BC-SKL-08041,hard_prerequisite,inferred,The integrand is the square of the radius.
BC-SKL-08040,BC-SKL-08042,hard_prerequisite,inferred,"The integrand is the square of the radius, taken in y."
BC-SKL-08040,BC-SKL-08044,hard_prerequisite,inferred,The shifted radius is the unshifted radius with the line in place of the axis.
BC-SKL-08040,BC-SKL-08045,hard_prerequisite,inferred,The shifted radius in y is the unshifted radius with the line in place of the axis.
BC-SKL-08040,BC-SKL-08048,hard_prerequisite,inferred,Both radii are distances from a curve to the axis.
BC-SKL-08041,BC-SKL-08043,hard_prerequisite,inferred,The disc integral must be set up before it is evaluated.
BC-SKL-08041,BC-SKL-08046,hard_prerequisite,inferred,The shifted disc integral is the axis disc integral with a shifted radius.
BC-SKL-08041,BC-SKL-08049,hard_prerequisite,inferred,The washer integral is the disc integral with an inner disc removed.
BC-SKL-08042,BC-SKL-08043,supporting,inferred,The y axis disc integral is evaluated the same way.
BC-SKL-08042,BC-SKL-08050,hard_prerequisite,inferred,The washer integral in y is the disc integral in y with an inner disc removed.
BC-SKL-08043,BC-SKL-08049,supporting,inferred,The factor of pi is carried as in the disc case.
BC-SKL-08044,BC-SKL-08046,hard_prerequisite,inferred,The integrand is the square of the shifted radius.
BC-SKL-08044,BC-SKL-08052,hard_prerequisite,inferred,Each radius is a distance from a curve to a horizontal line.
BC-SKL-08045,BC-SKL-08046,supporting,inferred,The vertical line case supplies the same shifted radius in y.
BC-SKL-08045,BC-SKL-08053,hard_prerequisite,inferred,Each radius is a distance from a curve to a vertical line.
BC-SKL-08046,BC-SKL-08047,hard_prerequisite,inferred,Seeing that the limits do not move requires the shifted setup in front of you.
BC-SKL-08046,BC-SKL-08055,hard_prerequisite,inferred,The shifted disc setup supplies the shifted radius form.
BC-SKL-08048,BC-SKL-08049,hard_prerequisite,inferred,The integrand needs the outer and inner radii assigned.
BC-SKL-08048,BC-SKL-08050,hard_prerequisite,inferred,The integrand in y needs the outer and inner radii assigned.
BC-SKL-08048,BC-SKL-08052,hard_prerequisite,inferred,The shifted radii are the axis radii measured to the line instead.
BC-SKL-08048,BC-SKL-08053,hard_prerequisite,inferred,The shifted radii in y are the axis radii measured to the line instead.
BC-SKL-08049,BC-SKL-08051,hard_prerequisite,inferred,The warning is about the integrand the washer setup produces.
BC-SKL-08049,BC-SKL-08055,hard_prerequisite,inferred,The shifted washer integral is the axis washer integral with shifted radii.
BC-SKL-08051,BC-SKL-08055,hard_prerequisite,inferred,The integrand subtracts the squares rather than squaring the difference.
BC-SKL-08051,BC-SKL-09041,supporting,verified,Subtracting the squares of the radii rather than squaring their difference is the washer skill of Unit 8.
BC-SKL-08052,BC-SKL-08054,hard_prerequisite,inferred,Comparing the two distances presupposes both are written.
BC-SKL-08054,BC-SKL-08055,hard_prerequisite,inferred,The outer and inner assignment fixes the order of subtraction.
BC-SKL-08056,BC-SKL-08057,hard_prerequisite,inferred,Substituting a derivative into the integrand presupposes the integrand.
BC-SKL-08056,BC-SKL-08058,hard_prerequisite,inferred,Recognising the form requires knowing what the form is.
BC-SKL-08056,BC-SKL-08059,supporting,inferred,The integrand evaluated is the arc length integrand.
BC-SKL-08056,BC-SKL-09011,hard_prerequisite,verified,The arc length integral for a function is the single variable form of the parametric length integral.
BC-SKL-08057,BC-SKL-08059,hard_prerequisite,inferred,The integral must be assembled before it is evaluated numerically.
BC-SKL-08059,BC-SKL-09012,hard_prerequisite,verified,Evaluating a radical length integral with technology is the Unit 8 skill applied to a parametric integrand.
BC-SKL-09001,BC-SKL-09002,hard_prerequisite,inferred,The quotient is formed from the two component derivatives.
BC-SKL-09001,BC-SKL-09006,hard_prerequisite,inferred,Horizontal and vertical tangents are located from the component derivatives.
BC-SKL-09001,BC-SKL-09008,hard_prerequisite,inferred,The second derivative divides again by dx/dt.
BC-SKL-09001,BC-SKL-09011,hard_prerequisite,inferred,The integrand is built from the two component derivatives.
BC-SKL-09001,BC-SKL-09015,hard_prerequisite,inferred,The vector derivative is the component derivatives collected.
BC-SKL-09001,BC-SKL-09018,hard_prerequisite,inferred,The translation preserves the components and their derivatives.
BC-SKL-09001,BC-SKL-09027,hard_prerequisite,inferred,Moving toward an axis is read from the sign of a component derivative.
BC-SKL-09002,BC-SKL-09003,hard_prerequisite,inferred,The condition is about the denominator of that quotient.
BC-SKL-09002,BC-SKL-09004,hard_prerequisite,inferred,Evaluating the slope is evaluating that quotient.
BC-SKL-09002,BC-SKL-09007,hard_prerequisite,inferred,What is differentiated is dy/dx expressed in the parameter.
BC-SKL-09002,BC-SKL-09033,hard_prerequisite,inferred,The slope is again a quotient of parameter derivatives.
BC-SKL-09003,BC-SKL-09006,hard_prerequisite,inferred,Each case pairs a zero of one derivative with a nonzero other derivative.
BC-SKL-09004,BC-SKL-09005,hard_prerequisite,inferred,The tangent line needs the slope at the parameter value.
BC-SKL-09007,BC-SKL-09008,hard_prerequisite,inferred,The numerator of the second derivative is that parameter derivative.
BC-SKL-09008,BC-SKL-09009,hard_prerequisite,inferred,The expression must be assembled before it is evaluated.
BC-SKL-09008,BC-SKL-09010,hard_prerequisite,inferred,Concavity is read from the sign of that second derivative.
BC-SKL-09009,BC-SKL-09010,supporting,inferred,The sign usually comes from the evaluated value.
BC-SKL-09011,BC-SKL-09012,hard_prerequisite,inferred,The integral must be set up before it is evaluated numerically.
BC-SKL-09011,BC-SKL-09013,hard_prerequisite,inferred,Calling the value a distance travelled presupposes the arc length integral.
BC-SKL-09011,BC-SKL-09014,hard_prerequisite,inferred,Naming the interval requires recognising the arc length integral it bounds.
BC-SKL-09011,BC-SKL-09025,hard_prerequisite,inferred,The distance integral is the parametric arc length integral in time.
BC-SKL-09015,BC-SKL-09016,hard_prerequisite,inferred,The velocity vector is the derivative of the position vector evaluated.
BC-SKL-09015,BC-SKL-09018,supporting,inferred,The vector notation is the one differentiation already uses.
BC-SKL-09015,BC-SKL-09019,hard_prerequisite,inferred,Component antidifferentiation reverses component differentiation.
BC-SKL-09016,BC-SKL-09017,hard_prerequisite,inferred,Acceleration differentiates the velocity vector.
BC-SKL-09016,BC-SKL-09020,hard_prerequisite,inferred,The integrand is the velocity vector.
BC-SKL-09016,BC-SKL-09023,hard_prerequisite,inferred,Speed is the magnitude of the velocity vector.
BC-SKL-09016,BC-SKL-09027,supporting,inferred,The component signs come from the velocity vector.
BC-SKL-09017,BC-SKL-09028,hard_prerequisite,inferred,The presentation shows the acceleration vector the differentiation produced.
BC-SKL-09019,BC-SKL-09020,supporting,inferred,The displacement vector is a component antiderivative evaluated at both ends.
BC-SKL-09020,BC-SKL-09021,hard_prerequisite,inferred,A coordinate is one component of the displacement added to its initial value.
BC-SKL-09021,BC-SKL-09022,hard_prerequisite,inferred,Accumulating backwards reverses that same accumulation.
BC-SKL-09021,BC-SKL-09026,hard_prerequisite,inferred,The coordinate is the initial coordinate plus the integral of its velocity component.
BC-SKL-09023,BC-SKL-09024,hard_prerequisite,inferred,The equation solved sets the speed expression equal to a value.
BC-SKL-09023,BC-SKL-09025,hard_prerequisite,inferred,"Total distance integrates the speed, so the speed must be written first."
BC-SKL-09029,BC-SKL-09033,hard_prerequisite,inferred,The Cartesian conversion supplies x and y in terms of theta.
BC-SKL-09029,BC-SKL-09034,hard_prerequisite,inferred,The Cartesian coordinate to extremise comes from the conversion.
BC-SKL-09030,BC-SKL-09031,hard_prerequisite,inferred,The interpretation is of the derivative that was computed.
BC-SKL-09030,BC-SKL-09032,hard_prerequisite,inferred,The chain rule product needs dr/dtheta.
BC-SKL-09030,BC-SKL-09033,hard_prerequisite,inferred,Differentiating x and y in theta requires dr/dtheta.
BC-SKL-09031,BC-SKL-09032,hard_prerequisite,inferred,Reading the result as a rate of distance from the origin rests on that interpretation.
BC-SKL-09033,BC-SKL-09034,supporting,inferred,The differentiation in theta is the one the slope computation sets up.
BC-SKL-09035,BC-SKL-09038,hard_prerequisite,inferred,The integral must be set up before it is evaluated.
BC-SKL-09035,BC-SKL-09041,hard_prerequisite,inferred,The two curve integral is the single curve integral with the squares subtracted.
BC-SKL-09035,BC-SKL-09043,hard_prerequisite,inferred,Each piece of the region is a polar area integral.
BC-SKL-09036,BC-SKL-09035,hard_prerequisite,inferred,The limits of the polar area integral are the bounding angles.
BC-SKL-09037,BC-SKL-09036,supporting,inferred,Consecutive zeros of r are one way the bounding angles are found.
BC-SKL-09037,BC-SKL-09039,supporting,inferred,Zeros of r help select the angles that bound the region.
BC-SKL-09038,BC-SKL-09042,supporting,inferred,Reporting to three decimal places repeats the single curve case.
BC-SKL-09039,BC-SKL-09041,hard_prerequisite,inferred,The intersection angles are the limits.
BC-SKL-09040,BC-SKL-09041,hard_prerequisite,inferred,The order of subtraction is fixed by which radius is outer.
BC-SKL-09041,BC-SKL-09042,hard_prerequisite,inferred,The integral must be set up before it is evaluated.
BC-SKL-09041,BC-SKL-09043,hard_prerequisite,inferred,A piece where the outer curve changes is a two curve polar area integral.
BC-SKL-10001,BC-SKL-10003,hard_prerequisite,inferred,The convergence of a series is the limit of the sequence of partial sums.
BC-SKL-10001,BC-SKL-10005,hard_prerequisite,inferred,One of the two questions is the convergence of the sequence of terms.
BC-SKL-10001,BC-SKL-10011,hard_prerequisite,inferred,The limit of the general term is a sequence limit.
BC-SKL-10001,BC-SKL-10029,hard_prerequisite,inferred,Confirming the terms tend to zero is a sequence limit.
BC-SKL-10001,BC-SKL-10032,supporting,inferred,The limit of the simplified ratio is a sequence limit.
BC-SKL-10002,BC-SKL-10003,hard_prerequisite,inferred,The limit taken is of the partial sum that was computed.
BC-SKL-10002,BC-SKL-10004,hard_prerequisite,inferred,The telescoping argument is carried out inside the partial sum.
BC-SKL-10002,BC-SKL-10006,supporting,inferred,Dividing consecutive terms follows from having the terms written out.
BC-SKL-10002,BC-SKL-10040,hard_prerequisite,inferred,The first omitted term is the one after the terms the partial sum keeps.
BC-SKL-10002,BC-SKL-10067,supporting,inferred,Partial sum is the notion being applied.
BC-SKL-10003,BC-SKL-10004,hard_prerequisite,inferred,The value of the telescoping series is the limit of its partial sums.
BC-SKL-10003,BC-SKL-10005,hard_prerequisite,inferred,The other question is the convergence of the partial sums.
BC-SKL-10006,BC-SKL-10007,hard_prerequisite,inferred,The condition is applied to the ratio that was identified.
BC-SKL-10006,BC-SKL-10008,hard_prerequisite,inferred,The sum formula uses the first term and the ratio.
BC-SKL-10006,BC-SKL-10009,hard_prerequisite,inferred,"The first term is read as the series is written, whatever the index start."
BC-SKL-10006,BC-SKL-10022,supporting,inferred,A geometric comparison series is identified by its ratio.
BC-SKL-10007,BC-SKL-10008,hard_prerequisite,inferred,The sum exists only when the convergence condition holds.
BC-SKL-10007,BC-SKL-10010,hard_prerequisite,inferred,The inequality on the ratio is the convergence condition in the variable.
BC-SKL-10007,BC-SKL-10021,hard_prerequisite,inferred,A constant ratio is the cue that selects the geometric test.
BC-SKL-10008,BC-SKL-10009,hard_prerequisite,inferred,The re-indexed series is summed by the same formula.
BC-SKL-10008,BC-SKL-10010,hard_prerequisite,inferred,The closed form is the sum formula with a ratio containing the variable.
BC-SKL-10008,BC-SKL-10063,hard_prerequisite,inferred,The series for one over one minus x is the geometric sum formula read backwards.
BC-SKL-10008,BC-SKL-10072,hard_prerequisite,inferred,The closed form is the geometric sum formula.
BC-SKL-10010,BC-SKL-10053,supporting,inferred,A geometric series in x is the first power series students meet.
BC-SKL-10010,BC-SKL-10063,hard_prerequisite,inferred,Its interval is the geometric condition on a ratio containing x.
BC-SKL-10010,BC-SKL-10072,hard_prerequisite,inferred,The first term and ratio are expressions in x.
BC-SKL-10011,BC-SKL-10012,hard_prerequisite,inferred,The conclusion rests on the value of that limit.
BC-SKL-10011,BC-SKL-10013,hard_prerequisite,inferred,The inconclusive case is the case where that limit is zero.
BC-SKL-10012,BC-SKL-10013,supporting,inferred,The inconclusive case is stated against the divergence case.
BC-SKL-10012,BC-SKL-10021,supporting,inferred,A nonzero term limit is the cue that selects the nth term test.
BC-SKL-10014,BC-SKL-10015,hard_prerequisite,inferred,The function whose integral is written is the one the conditions were checked on.
BC-SKL-10014,BC-SKL-10017,hard_prerequisite,inferred,The conclusion is licensed only with the conditions verified.
BC-SKL-10014,BC-SKL-10021,supporting,inferred,A positive decreasing continuous function is the cue that selects the integral test.
BC-SKL-10015,BC-SKL-10016,hard_prerequisite,inferred,The improper integral must be written before it is evaluated.
BC-SKL-10016,BC-SKL-10017,hard_prerequisite,inferred,The conclusion rests on whether the integral converged.
BC-SKL-10018,BC-SKL-10019,hard_prerequisite,inferred,The criterion is applied to the p the classification identified.
BC-SKL-10018,BC-SKL-10020,hard_prerequisite,inferred,Recalling the two behaviours presupposes recognising the two series.
BC-SKL-10018,BC-SKL-10022,hard_prerequisite,inferred,The comparison series is chosen from the p-series and geometric families.
BC-SKL-10019,BC-SKL-10021,hard_prerequisite,inferred,A rational term is the cue that selects comparison to a p-series.
BC-SKL-10019,BC-SKL-10024,hard_prerequisite,inferred,The conclusion also rests on the known behaviour of the comparison series.
BC-SKL-10019,BC-SKL-10026,supporting,inferred,The behaviour transferred is that of the comparison p-series.
BC-SKL-10021,BC-SKL-10034,hard_prerequisite,inferred,A test must be selected for the series of absolute values.
BC-SKL-10021,BC-SKL-10058,hard_prerequisite,inferred,A test must be selected for each endpoint series.
BC-SKL-10022,BC-SKL-10023,hard_prerequisite,inferred,The inequality is between the series and the comparison series chosen.
BC-SKL-10022,BC-SKL-10025,hard_prerequisite,inferred,The ratio is formed with the comparison series chosen.
BC-SKL-10023,BC-SKL-10024,hard_prerequisite,inferred,The conclusion rests on the inequality established.
BC-SKL-10025,BC-SKL-10026,hard_prerequisite,inferred,The conclusion rests on the value of that limit.
BC-SKL-10027,BC-SKL-10028,hard_prerequisite,inferred,The decreasing check is on the absolute values the recognition produced.
BC-SKL-10027,BC-SKL-10029,hard_prerequisite,inferred,The limit taken is of those absolute values.
BC-SKL-10027,BC-SKL-10034,hard_prerequisite,inferred,The series of absolute values is the one the recognition produced.
BC-SKL-10027,BC-SKL-10040,hard_prerequisite,inferred,Writing the next term needs the general term of the alternating series.
BC-SKL-10027,BC-SKL-10060,supporting,inferred,The alternating factor is written as in an alternating series.
BC-SKL-10028,BC-SKL-10030,hard_prerequisite,inferred,One of the two stated conditions is that the terms decrease.
BC-SKL-10029,BC-SKL-10030,hard_prerequisite,inferred,The other stated condition is that the terms tend to zero.
BC-SKL-10030,BC-SKL-10036,hard_prerequisite,inferred,"Conditional convergence needs the original series to converge, usually by the alternating series test."
BC-SKL-10030,BC-SKL-10039,hard_prerequisite,inferred,The conditions confirmed are the alternating series test conditions.
BC-SKL-10031,BC-SKL-10032,hard_prerequisite,inferred,The limit is taken of the ratio that was written.
BC-SKL-10031,BC-SKL-10054,hard_prerequisite,inferred,The ratio of consecutive terms is written the same way.
BC-SKL-10032,BC-SKL-10033,hard_prerequisite,inferred,The conclusion rests on the value of that limit.
BC-SKL-10032,BC-SKL-10054,hard_prerequisite,inferred,"The limit is evaluated the same way, now with x present."
BC-SKL-10034,BC-SKL-10035,hard_prerequisite,inferred,The classification rests on the result for the series of absolute values.
BC-SKL-10034,BC-SKL-10036,hard_prerequisite,inferred,Conditional convergence needs the series of absolute values to diverge.
BC-SKL-10035,BC-SKL-10036,supporting,inferred,The two classifications are stated against each other.
BC-SKL-10035,BC-SKL-10037,hard_prerequisite,inferred,The implication is applied to an absolutely convergent series.
BC-SKL-10035,BC-SKL-10038,hard_prerequisite,inferred,The rearrangement statement is about an absolutely convergent series.
BC-SKL-10039,BC-SKL-10042,supporting,inferred,The bound is only valid with the conditions confirmed.
BC-SKL-10039,BC-SKL-10052,hard_prerequisite,inferred,Choosing the alternating bound presupposes its conditions.
BC-SKL-10040,BC-SKL-10041,hard_prerequisite,inferred,The term evaluated is the first omitted term.
BC-SKL-10041,BC-SKL-10042,hard_prerequisite,inferred,The comparison uses the evaluated bounding term.
BC-SKL-10042,BC-SKL-10052,supporting,inferred,Both routes end in the same comparison with a tolerance.
BC-SKL-10043,BC-SKL-10044,hard_prerequisite,inferred,The coefficients are the derivative values divided by factorials.
BC-SKL-10043,BC-SKL-10045,supporting,inferred,A table supplies the derivative values instead of computing them.
BC-SKL-10043,BC-SKL-10049,hard_prerequisite,inferred,The next derivative is one more in the same sequence of derivatives.
BC-SKL-10044,BC-SKL-10045,hard_prerequisite,inferred,The assembly from table entries is the Taylor polynomial construction.
BC-SKL-10044,BC-SKL-10046,hard_prerequisite,inferred,A Maclaurin polynomial is the Taylor polynomial about zero.
BC-SKL-10044,BC-SKL-10047,hard_prerequisite,inferred,The related polynomial is still assembled as a Taylor polynomial.
BC-SKL-10044,BC-SKL-10048,hard_prerequisite,inferred,The polynomial must be built before it is evaluated as an approximation.
BC-SKL-10044,BC-SKL-10049,hard_prerequisite,inferred,Which derivative to bound is fixed by the degree of the polynomial.
BC-SKL-10044,BC-SKL-10050,hard_prerequisite,inferred,The error bound is written for a Taylor polynomial of a stated degree about a centre.
BC-SKL-10044,BC-SKL-10060,hard_prerequisite,inferred,The general term generalises the Taylor coefficients.
BC-SKL-10044,BC-SKL-10067,hard_prerequisite,inferred,The partial sum named is the Taylor polynomial.
BC-SKL-10046,BC-SKL-10048,supporting,inferred,Maclaurin approximations are the common case.
BC-SKL-10046,BC-SKL-10061,hard_prerequisite,inferred,The exponential series is the Maclaurin polynomial pattern continued.
BC-SKL-10046,BC-SKL-10062,hard_prerequisite,inferred,The sine and cosine series are Maclaurin polynomial patterns continued.
BC-SKL-10049,BC-SKL-10050,hard_prerequisite,inferred,The bound on the next derivative is a factor of the expression.
BC-SKL-10050,BC-SKL-10051,hard_prerequisite,inferred,The comparison evaluates the assembled bound.
BC-SKL-10050,BC-SKL-10052,hard_prerequisite,inferred,Choosing the Lagrange bound presupposes being able to write it.
BC-SKL-10053,BC-SKL-10054,hard_prerequisite,inferred,The ratio is formed from the coefficients and the centre identified.
BC-SKL-10054,BC-SKL-10055,hard_prerequisite,inferred,The inequality solved is the ratio limit set less than one.
BC-SKL-10055,BC-SKL-10056,hard_prerequisite,inferred,The radius is read off the solved inequality.
BC-SKL-10055,BC-SKL-10057,hard_prerequisite,inferred,The endpoints substituted are those of the interior found.
BC-SKL-10055,BC-SKL-10059,hard_prerequisite,inferred,The interval reported is the interior with its endpoints decided.
BC-SKL-10056,BC-SKL-10057,hard_prerequisite,inferred,The endpoints are the centre displaced by the radius.
BC-SKL-10056,BC-SKL-10070,hard_prerequisite,inferred,The radius reported is the radius of the original series.
BC-SKL-10057,BC-SKL-10058,hard_prerequisite,inferred,The series tested are the ones substitution produced.
BC-SKL-10057,BC-SKL-10071,hard_prerequisite,inferred,Substituting each endpoint into the new general term is the same substitution step.
BC-SKL-10058,BC-SKL-10059,hard_prerequisite,inferred,Bracket or parenthesis at each end follows the endpoint result.
BC-SKL-10058,BC-SKL-10071,supporting,inferred,Each resulting numerical series is tested as before.
BC-SKL-10059,BC-SKL-10066,hard_prerequisite,inferred,The input must lie in the interval of convergence.
BC-SKL-10059,BC-SKL-10073,hard_prerequisite,inferred,The reason given is the position of the input relative to the interval.
BC-SKL-10060,BC-SKL-10061,hard_prerequisite,inferred,Reproducing the series means writing its general term.
BC-SKL-10060,BC-SKL-10062,hard_prerequisite,inferred,Reproducing the series means writing its general term.
BC-SKL-10060,BC-SKL-10066,hard_prerequisite,inferred,The numerical series is the general term with the value substituted.
BC-SKL-10060,BC-SKL-10067,hard_prerequisite,inferred,The series whose partial sum it is must be written.
BC-SKL-10060,BC-SKL-10068,hard_prerequisite,inferred,The general term is what is differentiated.
BC-SKL-10060,BC-SKL-10069,hard_prerequisite,inferred,The general term is what is integrated.
BC-SKL-10061,BC-SKL-10064,hard_prerequisite,inferred,The known series substituted into is usually the exponential one.
BC-SKL-10061,BC-SKL-10065,hard_prerequisite,inferred,The series multiplied is a known Maclaurin series.
BC-SKL-10062,BC-SKL-10064,hard_prerequisite,inferred,The known series substituted into is often sine or cosine.
BC-SKL-10063,BC-SKL-10064,supporting,inferred,Substitution into the geometric series is the other common case.
BC-SKL-10063,BC-SKL-10065,supporting,inferred,The geometric series is often the one multiplied.
BC-SKL-10063,BC-SKL-10072,hard_prerequisite,inferred,The recognition is of the series for one over one minus x.
BC-SKL-10068,BC-SKL-10069,supporting,inferred,Term-by-term integration mirrors term-by-term differentiation.
BC-SKL-10068,BC-SKL-10070,hard_prerequisite,inferred,The preserved radius statement is about a differentiated series.
BC-SKL-10069,BC-SKL-10070,hard_prerequisite,inferred,The preserved radius statement is about an integrated series.
BC-SKL-10070,BC-SKL-10071,hard_prerequisite,inferred,The endpoints rechecked are those the preserved radius fixes.
BC-SKL-10072,BC-SKL-10073,supporting,inferred,The closed form is what the series is claimed to converge to.
BC-TOP-0102,BC-SKL-04033,hard_prerequisite,inferred,Evaluating the numerator and denominator limits is a Unit 1 skill; the topic id stands in for it; unmapped
BC-TOP-0102,BC-SKL-05002,hard_prerequisite,inferred,"Continuity on an interval, a Unit 1 skill not yet in data/skills.json; the topic id stands in for it; unmapped"
BC-TOP-0102,BC-SKL-05008,hard_prerequisite,inferred,"Continuity on a closed interval, a Unit 1 skill not yet in data/skills.json; the topic id stands in for it; unmapped"
BC-TOP-0102,BC-SKL-06016,hard_prerequisite,inferred,Limit of a sequence of sums; Unit 1 limit skills do not exist yet so the topic id stands in; unmapped
BC-TOP-0102,BC-SKL-06067,hard_prerequisite,inferred,"Improper integrals are defined by limits, including limits at infinity; unmapped"
BC-TOP-0111,BC-SKL-04038,hard_prerequisite,inferred,Continuity at a point supplies the limit of the numerator; the topic id stands in for the Unit 1 skill; unmapped
BC-TOP-0115,BC-SKL-05011,supporting,inferred,"Classifying points of non-differentiability, a Unit 2 idea not yet in data/skills.json; the topic id stands in for it; unmapped"
BC-TOP-0115,BC-SKL-06021,supporting,inferred,Continuity on an interval is the hypothesis of the Fundamental Theorem of Calculus part one; unmapped
BC-TOP-0115,BC-SKL-06033,supporting,inferred,Classifying removable and jump discontinuities comes from Unit 1; unmapped
BC-TOP-0115,BC-SKL-06035,supporting,inferred,Continuity on the closed interval is a hypothesis of the Fundamental Theorem of Calculus part two; unmapped
BC-TOP-0201,BC-SKL-04004,hard_prerequisite,inferred,The approximation is an average rate of change; the topic id stands in for the Unit 2 skill; unmapped
BC-TOP-0202,BC-SKL-03030,hard_prerequisite,inferred,Higher-order differentiation repeats the definition and notation of the derivative; the topic id stands in for the Unit 2 skill; unmapped
BC-TOP-0202,BC-SKL-04006,hard_prerequisite,inferred,Velocity is the derivative of position in the notation of Unit 2; the topic id stands in for the Unit 2 skill; unmapped
BC-TOP-0205,BC-SKL-05030,hard_prerequisite,inferred,"Producing a second derivative, a Unit 2 skill not yet in data/skills.json; the topic id stands in for it; unmapped"
BC-TOP-0205,BC-SKL-07006,hard_prerequisite,inferred,"Differentiating a given function, a Unit 2 skill not yet in data/skills.json; the topic id stands in for it; unmapped"
BC-TOP-0207,BC-SKL-03002,hard_prerequisite,inferred,"Derivatives of the sine, cosine, exponential, and natural logarithm functions supply the outer derivatives; the topic id stands in for the Unit 2 skill; unmapped"
BC-TOP-0208,BC-SKL-03008,hard_prerequisite,verified,BC-EK-CHA-3D2 names the product rule as needed inside implicit differentiation; the topic id stands in for the Unit 2 skill; unmapped
BC-TOP-0208,BC-SKL-04020,hard_prerequisite,verified,BC-EK-CHA-3D2 names the product rule; the topic id stands in for the Unit 2 skill; unmapped
BC-TOP-0208,BC-SKL-06057,hard_prerequisite,inferred,Integration by parts is the product rule read as an antidifferentiation technique; unmapped
BC-TOP-0209,BC-SKL-03006,hard_prerequisite,inferred,The quotient rule is applied around the composite factor; the topic id stands in for the Unit 2 skill; unmapped
BC-TOP-0209,BC-SKL-04020,supporting,verified,BC-EK-CHA-3D2 names the quotient rule alongside the product rule; the topic id stands in for the Unit 2 skill; unmapped
BC-TOP-0301,BC-SKL-04019,hard_prerequisite,verified,"BC-EK-CHA-3D1 states that the chain rule is the basis for differentiating variables in a related rates problem; no Unit 3 skill id existed when the edge was written, so the topic id stands in for BC-SKL-03002; unmapped"
BC-TOP-0301,BC-SKL-05061,hard_prerequisite,inferred,"The chain rule, a Unit 3 skill not yet in data/skills.json; the topic id stands in for it; unmapped"
BC-TOP-0301,BC-SKL-07018,hard_prerequisite,inferred,"The chain rule applied to the dependent variable, a Unit 3 skill not yet in data/skills.json; the topic id stands in for it; unmapped"
BC-TOP-0302,BC-SKL-04022,hard_prerequisite,verified,Differentiating a curve with respect to time reuses the implicit differentiation procedure; the topic id stands in for BC-SKL-03007 through BC-SKL-03010; unmapped
BC-TOP-0302,BC-SKL-04032,supporting,inferred,An implicitly supplied derivative is evaluated at the point of tangency; the topic id stands in for BC-SKL-03011; unmapped
BC-TOP-0306,BC-SKL-04031,supporting,inferred,The concavity justification needs the second derivative; the topic id stands in for BC-SKL-03030; unmapped
BC-TOP-0402,BC-SKL-05049,supporting,inferred,"Building a model from a verbal situation, a Unit 4 skill not yet in data/skills.json; the topic id stands in for it; unmapped"
BC-TOP-0402,BC-SKL-08011,supporting,inferred,"The rectilinear motion vocabulary of Unit 4 fixes the meanings of displacement, speed, and total distance; no Unit 4 skill id exists yet; unmapped"
BC-TOP-0506,BC-SKL-04030,supporting,inferred,Concavity is established in Unit 5; the topic id stands in for that skill; unmapped
BC-TOP-0506,BC-SKL-06025,supporting,inferred,Concavity from the monotonicity of a derivative is applied to the accumulation function; unmapped
